dc_id,sku_id,date,leadtime,sales_qty,is_order_day,initial_inventory,arrival_qty_box,ending_inventory_box,stockout_qty_box,optimal_replenishment_pallet,optimal_replenishment_box,pt_box,factory_id,unit_transport_cost,holding_cost,stockout_cost
DC001,SKU001,2019-01-01,6,0.0,0,109.0,0.0,109.0,0.0,0,0.0,80.0,F001,224.0,3.36,336.0
DC001,SKU001,2019-01-02,2,0.0,0,109.0,0.0,109.0,0.0,0,0.0,80.0,F001,224.0,3.36,336.0
DC001,SKU001,2019-01-03,1,5.0,0,109.0,0.0,104.0,0.0,0,0.0,80.0,F001,224.0,3.36,336.0
DC001,SKU001,2019-01-04,4,0.0,1,104.0,0.0,104.0,0.0,0,0.0,80.0,F001,224.0,3.36,336.0
DC001,SKU001,2019-01-05,3,0.0,0,104.0,0.0,104.0,0.0,0,0.0,80.0,F001,224.0,3.36,336.0
DC001,SKU001,2019-01-06,2,0.0,0,104.0,0.0,104.0,0.0,0,0.0,80.0,F001,224.0,3.36,336.0
DC001,SKU001,2019-01-07,1,0.0,1,104.0,0.0,104.0,0.0,0,0.0,80.0,F001,224.0,3.36,336.0
DC001,SKU001,2019-01-08,3,0.0,0,104.0,0.0,104.0,0.0,0,0.0,80.0,F001,224.0,3.36,336.0
DC001,SKU001,2019-01-09,3,0.0,0,104.0,0.0,104.0,0.0,0,0.0,80.0,F001,224.0,3.36,336.0
DC001,SKU001,2019-01-10,1,0.0,0,104.0,0.0,104.0,0.0,0,0.0,80.0,F001,224.0,3.36,336.0
DC001,SKU001,2019-01-11,6,0.0,1,104.0,0.0,104.0,0.0,0,0.0,80.0,F001,224.0,3.36,336.0
DC001,SKU001,2019-01-12,5,0.0,0,104.0,0.0,104.0,0.0,0,0.0,80.0,F001,224.0,3.36,336.0
DC001,SKU001,2019-01-13,6,0.0,0,104.0,0.0,104.0,0.0,0,0.0,80.0,F001,224.0,3.36,336.0
DC001,SKU001,2019-01-14,2,0.0,1,104.0,0.0,104.0,0.0,0,0.0,80.0,F001,224.0,3.36,336.0
DC001,SKU001,2019-01-15,2,0.0,0,104.0,0.0,104.0,0.0,0,0.0,80.0,F001,224.0,3.36,336.0
DC001,SKU001,2019-01-16,6,0.0,0,104.0,0.0,104.0,0.0,0,0.0,80.0,F001,224.0,3.36,336.0
DC001,SKU001,2019-01-17,4,0.0,0,104.0,0.0,104.0,0.0,0,0.0,80.0,F001,224.0,3.36,336.0
DC001,SKU001,2019-01-18,2,0.0,1,104.0,0.0,104.0,0.0,0,0.0,80.0,F001,224.0,3.36,336.0
DC001,SKU001,2019-01-19,4,0.0,0,104.0,0.0,104.0,0.0,0,0.0,80.0,F001,224.0,3.36,336.0
DC001,SKU001,2019-01-20,5,0.0,0,104.0,0.0,104.0,0.0,0,0.0,80.0,F001,224.0,3.36,336.0
DC001,SKU001,2019-01-21,3,0.0,1,104.0,0.0,104.0,0.0,0,0.0,80.0,F001,224.0,3.36,336.0
DC001,SKU001,2019-01-22,3,17.0,0,104.0,0.0,87.0,0.0,0,0.0,80.0,F001,224.0,3.36,336.0
DC001,SKU001,2019-01-23,4,9.0,0,87.0,0.0,78.0,0.0,0,0.0,80.0,F001,224.0,3.36,336.0
DC001,SKU001,2019-01-24,4,0.0,0,78.0,0.0,78.0,0.0,0,0.0,80.0,F001,224.0,3.36,336.0
DC001,SKU001,2019-01-25,3,0.0,1,78.0,0.0,78.0,0.0,0,0.0,80.0,F001,224.0,3.36,336.0
DC001,SKU001,2019-01-26,4,0.0,0,78.0,0.0,78.0,0.0,0,0.0,80.0,F001,224.0,3.36,336.0
DC001,SKU001,2019-01-27,4,0.0,0,78.0,0.0,78.0,0.0,0,0.0,80.0,F001,224.0,3.36,336.0
DC001,SKU001,2019-01-28,1,0.0,1,78.0,0.0,78.0,0.0,0,0.0,80.0,F001,224.0,3.36,336.0
DC001,SKU001,2019-01-29,7,0.0,0,78.0,0.0,78.0,0.0,0,0.0,80.0,F001,224.0,3.36,336.0
DC001,SKU001,2019-01-30,3,0.0,0,78.0,0.0,78.0,0.0,0,0.0,80.0,F001,224.0,3.36,336.0
DC001,SKU001,2019-01-31,6,0.0,0,78.0,0.0,78.0,0.0,0,0.0,80.0,F001,224.0,3.36,336.0
DC001,SKU001,2019-02-01,5,0.0,1,78.0,0.0,78.0,0.0,0,0.0,80.0,F001,224.0,3.36,336.0
DC001,SKU001,2019-02-02,6,0.0,0,78.0,0.0,78.0,0.0,0,0.0,80.0,F001,224.0,3.36,336.0
DC001,SKU001,2019-02-03,3,0.0,0,78.0,0.0,78.0,0.0,0,0.0,80.0,F001,224.0,3.36,336.0
DC001,SKU001,2019-02-04,3,0.0,1,78.0,0.0,78.0,0.0,0,0.0,80.0,F001,224.0,3.36,336.0
DC001,SKU001,2019-02-05,4,0.0,0,78.0,0.0,78.0,0.0,0,0.0,80.0,F001,224.0,3.36,336.0
DC001,SKU001,2019-02-06,2,0.0,0,78.0,0.0,78.0,0.0,0,0.0,80.0,F001,224.0,3.36,336.0
DC001,SKU001,2019-02-07,3,0.0,0,78.0,0.0,78.0,0.0,0,0.0,80.0,F001,224.0,3.36,336.0
DC001,SKU001,2019-02-08,3,0.0,1,78.0,0.0,78.0,0.0,0,0.0,80.0,F001,224.0,3.36,336.0
DC001,SKU001,2019-02-09,3,0.0,0,78.0,0.0,78.0,0.0,0,0.0,80.0,F001,224.0,3.36,336.0
DC001,SKU001,2019-02-10,4,0.0,0,78.0,0.0,78.0,0.0,0,0.0,80.0,F001,224.0,3.36,336.0
DC001,SKU001,2019-02-11,1,4.0,1,78.0,0.0,74.0,0.0,0,0.0,80.0,F001,224.0,3.36,336.0
DC001,SKU001,2019-02-12,2,0.0,0,74.0,0.0,74.0,0.0,0,0.0,80.0,F001,224.0,3.36,336.0
DC001,SKU001,2019-02-13,3,1.0,0,74.0,0.0,73.0,0.0,0,0.0,80.0,F001,224.0,3.36,336.0
DC001,SKU001,2019-02-14,3,0.0,0,73.0,0.0,73.0,0.0,0,0.0,80.0,F001,224.0,3.36,336.0
DC001,SKU001,2019-02-15,1,0.0,1,73.0,0.0,73.0,0.0,0,0.0,80.0,F001,224.0,3.36,336.0
DC001,SKU001,2019-02-16,4,0.0,0,73.0,0.0,73.0,0.0,0,0.0,80.0,F001,224.0,3.36,336.0
DC001,SKU001,2019-02-17,4,0.0,0,73.0,0.0,73.0,0.0,0,0.0,80.0,F001,224.0,3.36,336.0
DC001,SKU001,2019-02-18,4,0.0,1,73.0,0.0,73.0,0.0,0,0.0,80.0,F001,224.0,3.36,336.0
DC001,SKU001,2019-02-19,2,0.0,0,73.0,0.0,73.0,0.0,0,0.0,80.0,F001,224.0,3.36,336.0
DC001,SKU001,2019-02-20,4,9.0,0,73.0,0.0,64.0,0.0,0,0.0,80.0,F001,224.0,3.36,336.0
DC001,SKU001,2019-02-21,3,0.0,0,64.0,0.0,64.0,0.0,0,0.0,80.0,F001,224.0,3.36,336.0
DC001,SKU001,2019-02-22,1,0.0,1,64.0,0.0,64.0,0.0,0,0.0,80.0,F001,224.0,3.36,336.0
DC001,SKU001,2019-02-23,1,0.0,0,64.0,0.0,64.0,0.0,0,0.0,80.0,F001,224.0,3.36,336.0
DC001,SKU001,2019-02-24,1,0.0,0,64.0,0.0,64.0,0.0,0,0.0,80.0,F001,224.0,3.36,336.0
DC001,SKU001,2019-02-25,3,0.0,1,64.0,0.0,64.0,0.0,0,0.0,80.0,F001,224.0,3.36,336.0
DC001,SKU001,2019-02-26,3,4.0,0,64.0,0.0,60.0,0.0,0,0.0,80.0,F001,224.0,3.36,336.0
DC001,SKU001,2019-02-27,2,0.0,0,60.0,0.0,60.0,0.0,0,0.0,80.0,F001,224.0,3.36,336.0
DC001,SKU001,2019-02-28,5,0.0,0,60.0,0.0,60.0,0.0,0,0.0,80.0,F001,224.0,3.36,336.0
DC001,SKU001,2019-03-01,2,0.0,1,60.0,0.0,60.0,0.0,0,0.0,80.0,F001,224.0,3.36,336.0
DC001,SKU001,2019-03-02,3,0.0,0,60.0,0.0,60.0,0.0,0,0.0,80.0,F001,224.0,3.36,336.0
DC001,SKU001,2019-03-03,4,0.0,0,60.0,0.0,60.0,0.0,0,0.0,80.0,F001,224.0,3.36,336.0
DC001,SKU001,2019-03-04,1,13.0,1,60.0,0.0,47.0,0.0,0,0.0,80.0,F001,224.0,3.36,336.0
DC001,SKU001,2019-03-05,4,0.0,0,47.0,0.0,47.0,0.0,0,0.0,80.0,F001,224.0,3.36,336.0
DC001,SKU001,2019-03-06,2,0.0,0,47.0,0.0,47.0,0.0,0,0.0,80.0,F001,224.0,3.36,336.0
DC001,SKU001,2019-03-07,6,4.0,0,47.0,0.0,43.0,0.0,0,0.0,80.0,F001,224.0,3.36,336.0
DC001,SKU001,2019-03-08,1,0.0,1,43.0,0.0,43.0,0.0,0,0.0,80.0,F001,224.0,3.36,336.0
DC001,SKU001,2019-03-09,4,0.0,0,43.0,0.0,43.0,0.0,0,0.0,80.0,F001,224.0,3.36,336.0
DC001,SKU001,2019-03-10,3,0.0,0,43.0,0.0,43.0,0.0,0,0.0,80.0,F001,224.0,3.36,336.0
DC001,SKU001,2019-03-11,4,3.0,1,43.0,0.0,40.0,0.0,0,0.0,80.0,F001,224.0,3.36,336.0
DC001,SKU001,2019-03-12,2,0.0,0,40.0,0.0,40.0,0.0,0,0.0,80.0,F001,224.0,3.36,336.0
DC001,SKU001,2019-03-13,3,4.0,0,40.0,0.0,36.0,0.0,0,0.0,80.0,F001,224.0,3.36,336.0
DC001,SKU001,2019-03-14,5,0.0,0,36.0,0.0,36.0,0.0,0,0.0,80.0,F001,224.0,3.36,336.0
DC001,SKU001,2019-03-15,6,0.0,1,36.0,0.0,36.0,0.0,0,0.0,80.0,F001,224.0,3.36,336.0
DC001,SKU001,2019-03-16,5,0.0,0,36.0,0.0,36.0,0.0,0,0.0,80.0,F001,224.0,3.36,336.0
DC001,SKU001,2019-03-17,5,0.0,0,36.0,0.0,36.0,0.0,0,0.0,80.0,F001,224.0,3.36,336.0
DC001,SKU001,2019-03-18,4,0.0,1,36.0,0.0,36.0,0.0,0,0.0,80.0,F001,224.0,3.36,336.0
DC001,SKU001,2019-03-19,1,0.0,0,36.0,0.0,36.0,0.0,0,0.0,80.0,F001,224.0,3.36,336.0
DC001,SKU001,2019-03-20,5,0.0,0,36.0,0.0,36.0,0.0,0,0.0,80.0,F001,224.0,3.36,336.0
DC001,SKU001,2019-03-21,2,0.0,0,36.0,0.0,36.0,0.0,0,0.0,80.0,F001,224.0,3.36,336.0
DC001,SKU001,2019-03-22,3,0.0,1,36.0,0.0,36.0,0.0,0,0.0,80.0,F001,224.0,3.36,336.0
DC001,SKU001,2019-03-23,1,0.0,0,36.0,0.0,36.0,0.0,0,0.0,80.0,F001,224.0,3.36,336.0
DC001,SKU001,2019-03-24,6,0.0,0,36.0,0.0,36.0,0.0,0,0.0,80.0,F001,224.0,3.36,336.0
DC001,SKU001,2019-03-25,1,0.0,1,36.0,0.0,36.0,0.0,0,0.0,80.0,F001,224.0,3.36,336.0
DC001,SKU001,2019-03-26,3,0.0,0,36.0,0.0,36.0,0.0,0,0.0,80.0,F001,224.0,3.36,336.0
DC001,SKU001,2019-03-27,1,0.0,0,36.0,0.0,36.0,0.0,0,0.0,80.0,F001,224.0,3.36,336.0
DC001,SKU001,2019-03-28,3,0.0,0,36.0,0.0,36.0,0.0,0,0.0,80.0,F001,224.0,3.36,336.0
DC001,SKU001,2019-03-29,2,0.0,1,36.0,0.0,36.0,0.0,0,0.0,80.0,F001,224.0,3.36,336.0
DC001,SKU001,2019-03-30,4,0.0,0,36.0,0.0,36.0,0.0,0,0.0,80.0,F001,224.0,3.36,336.0
DC001,SKU002,2019-01-01,2,10.0,0,127.0,0.0,117.0,0.0,0,0.0,52.0,F001,224.0,3.36,336.0
DC001,SKU002,2019-01-02,5,0.0,0,117.0,0.0,117.0,0.0,0,0.0,52.0,F001,224.0,3.36,336.0
DC001,SKU002,2019-01-03,2,35.0,0,117.0,0.0,82.0,0.0,0,0.0,52.0,F001,224.0,3.36,336.0
DC001,SKU002,2019-01-04,4,0.0,1,82.0,0.0,82.0,0.0,0,0.0,52.0,F001,224.0,3.36,336.0
DC001,SKU002,2019-01-05,3,0.0,0,82.0,0.0,82.0,0.0,0,0.0,52.0,F001,224.0,3.36,336.0
DC001,SKU002,2019-01-06,3,0.0,0,82.0,0.0,82.0,0.0,0,0.0,52.0,F001,224.0,3.36,336.0
DC001,SKU002,2019-01-07,3,0.0,1,82.0,0.0,82.0,0.0,0,0.0,52.0,F001,224.0,3.36,336.0
DC001,SKU002,2019-01-08,3,0.0,0,82.0,0.0,82.0,0.0,0,0.0,52.0,F001,224.0,3.36,336.0
DC001,SKU002,2019-01-09,3,10.0,0,82.0,0.0,72.0,0.0,0,0.0,52.0,F001,224.0,3.36,336.0
DC001,SKU002,2019-01-10,3,0.0,0,72.0,0.0,72.0,0.0,0,0.0,52.0,F001,224.0,3.36,336.0
DC001,SKU002,2019-01-11,2,0.0,1,72.0,0.0,72.0,0.0,0,0.0,52.0,F001,224.0,3.36,336.0
DC001,SKU002,2019-01-12,1,0.0,0,72.0,0.0,72.0,0.0,0,0.0,52.0,F001,224.0,3.36,336.0
DC001,SKU002,2019-01-13,3,0.0,0,72.0,0.0,72.0,0.0,0,0.0,52.0,F001,224.0,3.36,336.0
DC001,SKU002,2019-01-14,4,0.0,1,72.0,0.0,72.0,0.0,0,0.0,52.0,F001,224.0,3.36,336.0
DC001,SKU002,2019-01-15,3,0.0,0,72.0,0.0,72.0,0.0,0,0.0,52.0,F001,224.0,3.36,336.0
DC001,SKU002,2019-01-16,4,0.0,0,72.0,0.0,72.0,0.0,0,0.0,52.0,F001,224.0,3.36,336.0
DC001,SKU002,2019-01-17,3,0.0,0,72.0,0.0,72.0,0.0,0,0.0,52.0,F001,224.0,3.36,336.0
DC001,SKU002,2019-01-18,1,0.0,1,72.0,0.0,72.0,0.0,1,52.0,52.0,F001,224.0,3.36,336.0
DC001,SKU002,2019-01-19,2,0.0,0,72.0,52.0,124.0,0.0,0,0.0,52.0,F001,224.0,3.36,336.0
DC001,SKU002,2019-01-20,3,0.0,0,124.0,0.0,124.0,0.0,0,0.0,52.0,F001,224.0,3.36,336.0
DC001,SKU002,2019-01-21,3,0.0,1,124.0,0.0,124.0,0.0,1,52.0,52.0,F001,224.0,3.36,336.0
DC001,SKU002,2019-01-22,2,88.0,0,124.0,0.0,36.0,0.0,0,0.0,52.0,F001,224.0,3.36,336.0
DC001,SKU002,2019-01-23,4,0.0,0,36.0,0.0,36.0,0.0,0,0.0,52.0,F001,224.0,3.36,336.0
DC001,SKU002,2019-01-24,7,0.0,0,36.0,52.0,88.0,0.0,0,0.0,52.0,F001,224.0,3.36,336.0
DC001,SKU002,2019-01-25,6,10.0,1,88.0,0.0,78.0,0.0,0,0.0,52.0,F001,224.0,3.36,336.0
DC001,SKU002,2019-01-26,1,0.0,0,78.0,0.0,78.0,0.0,0,0.0,52.0,F001,224.0,3.36,336.0
DC001,SKU002,2019-01-27,4,0.0,0,78.0,0.0,78.0,0.0,0,0.0,52.0,F001,224.0,3.36,336.0
DC001,SKU002,2019-01-28,3,0.0,1,78.0,0.0,78.0,0.0,0,0.0,52.0,F001,224.0,3.36,336.0
DC001,SKU002,2019-01-29,1,50.0,0,78.0,0.0,28.0,0.0,0,0.0,52.0,F001,224.0,3.36,336.0
DC001,SKU002,2019-01-30,2,0.0,0,28.0,0.0,28.0,0.0,0,0.0,52.0,F001,224.0,3.36,336.0
DC001,SKU002,2019-01-31,1,24.0,0,28.0,0.0,4.0,0.0,0,0.0,52.0,F001,224.0,3.36,336.0
DC001,SKU002,2019-02-01,4,0.0,1,4.0,0.0,4.0,0.0,0,0.0,52.0,F001,224.0,3.36,336.0
DC001,SKU002,2019-02-02,2,0.0,0,4.0,0.0,4.0,0.0,0,0.0,52.0,F001,224.0,3.36,336.0
DC001,SKU002,2019-02-03,2,0.0,0,4.0,0.0,4.0,0.0,0,0.0,52.0,F001,224.0,3.36,336.0
DC001,SKU002,2019-02-04,3,0.0,1,4.0,0.0,4.0,0.0,0,0.0,52.0,F001,224.0,3.36,336.0
DC001,SKU002,2019-02-05,3,0.0,0,4.0,0.0,4.0,0.0,0,0.0,52.0,F001,224.0,3.36,336.0
DC001,SKU002,2019-02-06,6,0.0,0,4.0,0.0,4.0,0.0,0,0.0,52.0,F001,224.0,3.36,336.0
DC001,SKU002,2019-02-07,1,0.0,0,4.0,0.0,4.0,0.0,0,0.0,52.0,F001,224.0,3.36,336.0
DC001,SKU002,2019-02-08,2,3.0,1,4.0,0.0,1.0,0.0,1,52.0,52.0,F001,224.0,3.36,336.0
DC001,SKU002,2019-02-09,3,0.0,0,1.0,0.0,1.0,0.0,0,0.0,52.0,F001,224.0,3.36,336.0
DC001,SKU002,2019-02-10,2,0.0,0,1.0,52.0,53.0,0.0,0,0.0,52.0,F001,224.0,3.36,336.0
DC001,SKU002,2019-02-11,2,5.0,1,53.0,0.0,48.0,0.0,0,0.0,52.0,F001,224.0,3.36,336.0
DC001,SKU002,2019-02-12,2,10.0,0,48.0,0.0,38.0,0.0,0,0.0,52.0,F001,224.0,3.36,336.0
DC001,SKU002,2019-02-13,2,10.0,0,38.0,0.0,28.0,0.0,0,0.0,52.0,F001,224.0,3.36,336.0
DC001,SKU002,2019-02-14,3,0.0,0,28.0,0.0,28.0,0.0,0,0.0,52.0,F001,224.0,3.36,336.0
DC001,SKU002,2019-02-15,1,0.0,1,28.0,0.0,28.0,0.0,0,0.0,52.0,F001,224.0,3.36,336.0
DC001,SKU002,2019-02-16,1,0.0,0,28.0,0.0,28.0,0.0,0,0.0,52.0,F001,224.0,3.36,336.0
DC001,SKU002,2019-02-17,3,0.0,0,28.0,0.0,28.0,0.0,0,0.0,52.0,F001,224.0,3.36,336.0
DC001,SKU002,2019-02-18,4,5.0,1,28.0,0.0,23.0,0.0,0,0.0,52.0,F001,224.0,3.36,336.0
DC001,SKU002,2019-02-19,3,0.0,0,23.0,0.0,23.0,0.0,0,0.0,52.0,F001,224.0,3.36,336.0
DC001,SKU002,2019-02-20,2,0.0,0,23.0,0.0,23.0,0.0,0,0.0,52.0,F001,224.0,3.36,336.0
DC001,SKU002,2019-02-21,1,19.0,0,23.0,0.0,4.0,0.0,0,0.0,52.0,F001,224.0,3.36,336.0
DC001,SKU002,2019-02-22,7,0.0,1,4.0,0.0,4.0,0.0,0,0.0,52.0,F001,224.0,3.36,336.0
DC001,SKU002,2019-02-23,3,0.0,0,4.0,0.0,4.0,0.0,0,0.0,52.0,F001,224.0,3.36,336.0
DC001,SKU002,2019-02-24,2,0.0,0,4.0,0.0,4.0,0.0,0,0.0,52.0,F001,224.0,3.36,336.0
DC001,SKU002,2019-02-25,3,0.0,1,4.0,0.0,4.0,0.0,0,0.0,52.0,F001,224.0,3.36,336.0
DC001,SKU002,2019-02-26,2,0.0,0,4.0,0.0,4.0,0.0,0,0.0,52.0,F001,224.0,3.36,336.0
DC001,SKU002,2019-02-27,4,4.0,0,4.0,0.0,0.0,-0.0,0,0.0,52.0,F001,224.0,3.36,336.0
DC001,SKU002,2019-02-28,2,0.0,0,0.0,0.0,0.0,-0.0,0,0.0,52.0,F001,224.0,3.36,336.0
DC001,SKU002,2019-03-01,2,0.0,1,0.0,0.0,0.0,-0.0,1,52.0,52.0,F001,224.0,3.36,336.0
DC001,SKU002,2019-03-02,2,0.0,0,0.0,0.0,0.0,-0.0,0,0.0,52.0,F001,224.0,3.36,336.0
DC001,SKU002,2019-03-03,6,0.0,0,0.0,52.0,52.0,0.0,0,0.0,52.0,F001,224.0,3.36,336.0
DC001,SKU002,2019-03-04,3,5.0,1,52.0,0.0,47.0,0.0,0,0.0,52.0,F001,224.0,3.36,336.0
DC001,SKU002,2019-03-05,1,0.0,0,47.0,0.0,47.0,0.0,0,0.0,52.0,F001,224.0,3.36,336.0
DC001,SKU002,2019-03-06,2,56.0,0,47.0,0.0,0.0,9.0,0,0.0,52.0,F001,224.0,3.36,336.0
DC001,SKU002,2019-03-07,1,12.0,0,0.0,0.0,0.0,12.0,0,0.0,52.0,F001,224.0,3.36,336.0
DC001,SKU002,2019-03-08,3,0.0,1,0.0,0.0,0.0,-0.0,0,0.0,52.0,F001,224.0,3.36,336.0
DC001,SKU002,2019-03-09,2,0.0,0,0.0,0.0,0.0,-0.0,0,0.0,52.0,F001,224.0,3.36,336.0
DC001,SKU002,2019-03-10,2,0.0,0,0.0,0.0,0.0,-0.0,0,0.0,52.0,F001,224.0,3.36,336.0
DC001,SKU002,2019-03-11,1,0.0,1,0.0,0.0,0.0,-0.0,0,0.0,52.0,F001,224.0,3.36,336.0
DC001,SKU002,2019-03-12,5,0.0,0,0.0,0.0,0.0,-0.0,0,0.0,52.0,F001,224.0,3.36,336.0
DC001,SKU002,2019-03-13,4,0.0,0,0.0,0.0,0.0,-0.0,0,0.0,52.0,F001,224.0,3.36,336.0
DC001,SKU002,2019-03-14,1,0.0,0,0.0,0.0,0.0,-0.0,0,0.0,52.0,F001,224.0,3.36,336.0
DC001,SKU002,2019-03-15,3,0.0,1,0.0,0.0,0.0,-0.0,0,0.0,52.0,F001,224.0,3.36,336.0
DC001,SKU002,2019-03-16,1,0.0,0,0.0,0.0,0.0,-0.0,0,0.0,52.0,F001,224.0,3.36,336.0
DC001,SKU002,2019-03-17,2,0.0,0,0.0,0.0,0.0,-0.0,0,0.0,52.0,F001,224.0,3.36,336.0
DC001,SKU002,2019-03-18,6,0.0,1,0.0,0.0,0.0,-0.0,0,0.0,52.0,F001,224.0,3.36,336.0
DC001,SKU002,2019-03-19,4,0.0,0,0.0,0.0,0.0,-0.0,0,0.0,52.0,F001,224.0,3.36,336.0
DC001,SKU002,2019-03-20,2,0.0,0,0.0,0.0,0.0,-0.0,0,0.0,52.0,F001,224.0,3.36,336.0
DC001,SKU002,2019-03-21,4,0.0,0,0.0,0.0,0.0,-0.0,0,0.0,52.0,F001,224.0,3.36,336.0
DC001,SKU002,2019-03-22,2,0.0,1,0.0,0.0,0.0,-0.0,0,0.0,52.0,F001,224.0,3.36,336.0
DC001,SKU002,2019-03-23,3,0.0,0,0.0,0.0,0.0,-0.0,0,0.0,52.0,F001,224.0,3.36,336.0
DC001,SKU002,2019-03-24,1,0.0,0,0.0,0.0,0.0,-0.0,0,0.0,52.0,F001,224.0,3.36,336.0
DC001,SKU002,2019-03-25,2,0.0,1,0.0,0.0,0.0,-0.0,0,0.0,52.0,F001,224.0,3.36,336.0
DC001,SKU002,2019-03-26,2,0.0,0,0.0,0.0,0.0,-0.0,0,0.0,52.0,F001,224.0,3.36,336.0
DC001,SKU002,2019-03-27,2,0.0,0,0.0,0.0,0.0,-0.0,0,0.0,52.0,F001,224.0,3.36,336.0
DC001,SKU002,2019-03-28,5,0.0,0,0.0,0.0,0.0,-0.0,0,0.0,52.0,F001,224.0,3.36,336.0
DC001,SKU002,2019-03-29,4,0.0,1,0.0,0.0,0.0,-0.0,0,0.0,52.0,F001,224.0,3.36,336.0
DC001,SKU002,2019-03-30,4,0.0,0,0.0,0.0,0.0,-0.0,0,0.0,52.0,F001,224.0,3.36,336.0
DC001,SKU005,2019-01-01,9,0.0,0,127.0,0.0,127.0,0.0,0,0.0,36.0,F001,224.0,3.36,336.0
DC001,SKU005,2019-01-02,3,0.0,0,127.0,0.0,127.0,0.0,0,0.0,36.0,F001,224.0,3.36,336.0
DC001,SKU005,2019-01-03,2,36.0,0,127.0,0.0,91.0,0.0,0,0.0,36.0,F001,224.0,3.36,336.0
DC001,SKU005,2019-01-04,4,42.0,1,91.0,0.0,49.0,0.0,0,0.0,36.0,F001,224.0,3.36,336.0
DC001,SKU005,2019-01-05,3,0.0,0,49.0,0.0,49.0,0.0,0,0.0,36.0,F001,224.0,3.36,336.0
DC001,SKU005,2019-01-06,1,0.0,0,49.0,0.0,49.0,0.0,0,0.0,36.0,F001,224.0,3.36,336.0
DC001,SKU005,2019-01-07,2,0.0,1,49.0,0.0,49.0,0.0,2,72.0,36.0,F001,224.0,3.36,336.0
DC001,SKU005,2019-01-08,5,5.0,0,49.0,0.0,44.0,0.0,0,0.0,36.0,F001,224.0,3.36,336.0
DC001,SKU005,2019-01-09,2,42.0,0,44.0,72.0,74.0,0.0,0,0.0,36.0,F001,224.0,3.36,336.0
DC001,SKU005,2019-01-10,4,41.0,0,74.0,0.0,33.0,0.0,0,0.0,36.0,F001,224.0,3.36,336.0
DC001,SKU005,2019-01-11,3,36.0,1,33.0,0.0,0.0,3.0,0,0.0,36.0,F001,224.0,3.36,336.0
DC001,SKU005,2019-01-12,4,0.0,0,0.0,0.0,0.0,-0.0,0,0.0,36.0,F001,224.0,3.36,336.0
DC001,SKU005,2019-01-13,1,0.0,0,0.0,0.0,0.0,-0.0,0,0.0,36.0,F001,224.0,3.36,336.0
DC001,SKU005,2019-01-14,1,0.0,1,0.0,0.0,0.0,-0.0,4,144.0,36.0,F001,224.0,3.36,336.0
DC001,SKU005,2019-01-15,3,10.0,0,0.0,144.0,134.0,0.0,0,0.0,36.0,F001,224.0,3.36,336.0
DC001,SKU005,2019-01-16,4,0.0,0,134.0,0.0,134.0,0.0,0,0.0,36.0,F001,224.0,3.36,336.0
DC001,SKU005,2019-01-17,1,0.0,0,134.0,0.0,134.0,0.0,0,0.0,36.0,F001,224.0,3.36,336.0
DC001,SKU005,2019-01-18,5,0.0,1,134.0,0.0,134.0,0.0,0,0.0,36.0,F001,224.0,3.36,336.0
DC001,SKU005,2019-01-19,3,0.0,0,134.0,0.0,134.0,0.0,0,0.0,36.0,F001,224.0,3.36,336.0
DC001,SKU005,2019-01-20,5,0.0,0,134.0,0.0,134.0,0.0,0,0.0,36.0,F001,224.0,3.36,336.0
DC001,SKU005,2019-01-21,4,118.0,1,134.0,0.0,16.0,0.0,3,108.0,36.0,F001,224.0,3.36,336.0
DC001,SKU005,2019-01-22,4,5.0,0,16.0,0.0,11.0,0.0,0,0.0,36.0,F001,224.0,3.36,336.0
DC001,SKU005,2019-01-23,3,0.0,0,11.0,0.0,11.0,0.0,0,0.0,36.0,F001,224.0,3.36,336.0
DC001,SKU005,2019-01-24,5,0.0,0,11.0,0.0,11.0,0.0,0,0.0,36.0,F001,224.0,3.36,336.0
DC001,SKU005,2019-01-25,5,5.0,1,11.0,108.0,114.0,0.0,4,144.0,36.0,F001,224.0,3.36,336.0
DC001,SKU005,2019-01-26,1,0.0,0,114.0,0.0,114.0,0.0,0,0.0,36.0,F001,224.0,3.36,336.0
DC001,SKU005,2019-01-27,2,0.0,0,114.0,0.0,114.0,0.0,0,0.0,36.0,F001,224.0,3.36,336.0
DC001,SKU005,2019-01-28,5,108.0,1,114.0,0.0,6.0,0.0,0,0.0,36.0,F001,224.0,3.36,336.0
DC001,SKU005,2019-01-29,2,0.0,0,6.0,0.0,6.0,0.0,0,0.0,36.0,F001,224.0,3.36,336.0
DC001,SKU005,2019-01-30,1,0.0,0,6.0,144.0,150.0,0.0,0,0.0,36.0,F001,224.0,3.36,336.0
DC001,SKU005,2019-01-31,3,118.0,0,150.0,0.0,32.0,0.0,0,0.0,36.0,F001,224.0,3.36,336.0
DC001,SKU005,2019-02-01,6,0.0,1,32.0,0.0,32.0,0.0,0,0.0,36.0,F001,224.0,3.36,336.0
DC001,SKU005,2019-02-02,4,10.0,0,32.0,0.0,22.0,0.0,0,0.0,36.0,F001,224.0,3.36,336.0
DC001,SKU005,2019-02-03,3,0.0,0,22.0,0.0,22.0,0.0,0,0.0,36.0,F001,224.0,3.36,336.0
DC001,SKU005,2019-02-04,4,0.0,1,22.0,0.0,22.0,0.0,0,0.0,36.0,F001,224.0,3.36,336.0
DC001,SKU005,2019-02-05,4,0.0,0,22.0,0.0,22.0,0.0,0,0.0,36.0,F001,224.0,3.36,336.0
DC001,SKU005,2019-02-06,5,0.0,0,22.0,0.0,22.0,0.0,0,0.0,36.0,F001,224.0,3.36,336.0
DC001,SKU005,2019-02-07,2,0.0,0,22.0,0.0,22.0,0.0,0,0.0,36.0,F001,224.0,3.36,336.0
DC001,SKU005,2019-02-08,3,0.0,1,22.0,0.0,22.0,0.0,0,0.0,36.0,F001,224.0,3.36,336.0
DC001,SKU005,2019-02-09,1,0.0,0,22.0,0.0,22.0,0.0,0,0.0,36.0,F001,224.0,3.36,336.0
DC001,SKU005,2019-02-10,7,0.0,0,22.0,0.0,22.0,0.0,0,0.0,36.0,F001,224.0,3.36,336.0
DC001,SKU005,2019-02-11,3,0.0,1,22.0,0.0,22.0,0.0,2,72.0,36.0,F001,224.0,3.36,336.0
DC001,SKU005,2019-02-12,3,10.0,0,22.0,0.0,12.0,0.0,0,0.0,36.0,F001,224.0,3.36,336.0
DC001,SKU005,2019-02-13,5,0.0,0,12.0,0.0,12.0,0.0,0,0.0,36.0,F001,224.0,3.36,336.0
DC001,SKU005,2019-02-14,1,0.0,0,12.0,72.0,84.0,0.0,0,0.0,36.0,F001,224.0,3.36,336.0
DC001,SKU005,2019-02-15,6,36.0,1,84.0,0.0,48.0,0.0,0,0.0,36.0,F001,224.0,3.36,336.0
DC001,SKU005,2019-02-16,5,0.0,0,48.0,0.0,48.0,0.0,0,0.0,36.0,F001,224.0,3.36,336.0
DC001,SKU005,2019-02-17,2,0.0,0,48.0,0.0,48.0,0.0,0,0.0,36.0,F001,224.0,3.36,336.0
DC001,SKU005,2019-02-18,4,7.0,1,48.0,0.0,41.0,0.0,2,72.0,36.0,F001,224.0,3.36,336.0
DC001,SKU005,2019-02-19,4,36.0,0,41.0,0.0,5.0,0.0,0,0.0,36.0,F001,224.0,3.36,336.0
DC001,SKU005,2019-02-20,4,6.0,0,5.0,0.0,0.0,1.0,0,0.0,36.0,F001,224.0,3.36,336.0
DC001,SKU005,2019-02-21,6,0.0,0,0.0,0.0,0.0,-0.0,0,0.0,36.0,F001,224.0,3.36,336.0
DC001,SKU005,2019-02-22,4,72.0,1,0.0,72.0,0.0,-0.0,2,72.0,36.0,F001,224.0,3.36,336.0
DC001,SKU005,2019-02-23,2,0.0,0,0.0,0.0,0.0,-0.0,0,0.0,36.0,F001,224.0,3.36,336.0
DC001,SKU005,2019-02-24,7,0.0,0,0.0,0.0,0.0,-0.0,0,0.0,36.0,F001,224.0,3.36,336.0
DC001,SKU005,2019-02-25,2,0.0,1,0.0,0.0,0.0,-0.0,0,0.0,36.0,F001,224.0,3.36,336.0
DC001,SKU005,2019-02-26,2,41.0,0,0.0,72.0,31.0,0.0,0,0.0,36.0,F001,224.0,3.36,336.0
DC001,SKU005,2019-02-27,4,0.0,0,31.0,0.0,31.0,0.0,0,0.0,36.0,F001,224.0,3.36,336.0
DC001,SKU005,2019-02-28,2,0.0,0,31.0,0.0,31.0,0.0,0,0.0,36.0,F001,224.0,3.36,336.0
DC001,SKU005,2019-03-01,3,0.0,1,31.0,0.0,31.0,0.0,0,0.0,36.0,F001,224.0,3.36,336.0
DC001,SKU005,2019-03-02,3,0.0,0,31.0,0.0,31.0,0.0,0,0.0,36.0,F001,224.0,3.36,336.0
DC001,SKU005,2019-03-03,5,0.0,0,31.0,0.0,31.0,0.0,0,0.0,36.0,F001,224.0,3.36,336.0
DC001,SKU005,2019-03-04,2,0.0,1,31.0,0.0,31.0,0.0,3,108.0,36.0,F001,224.0,3.36,336.0
DC001,SKU005,2019-03-05,4,0.0,0,31.0,0.0,31.0,0.0,0,0.0,36.0,F001,224.0,3.36,336.0
DC001,SKU005,2019-03-06,5,108.0,0,31.0,108.0,31.0,0.0,0,0.0,36.0,F001,224.0,3.36,336.0
DC001,SKU005,2019-03-07,3,0.0,0,31.0,0.0,31.0,0.0,0,0.0,36.0,F001,224.0,3.36,336.0
DC001,SKU005,2019-03-08,2,0.0,1,31.0,0.0,31.0,0.0,1,36.0,36.0,F001,224.0,3.36,336.0
DC001,SKU005,2019-03-09,4,0.0,0,31.0,0.0,31.0,0.0,0,0.0,36.0,F001,224.0,3.36,336.0
DC001,SKU005,2019-03-10,3,0.0,0,31.0,36.0,67.0,0.0,0,0.0,36.0,F001,224.0,3.36,336.0
DC001,SKU005,2019-03-11,3,0.0,1,67.0,0.0,67.0,0.0,4,144.0,36.0,F001,224.0,3.36,336.0
DC001,SKU005,2019-03-12,1,13.0,0,67.0,0.0,54.0,0.0,0,0.0,36.0,F001,224.0,3.36,336.0
DC001,SKU005,2019-03-13,5,36.0,0,54.0,0.0,18.0,0.0,0,0.0,36.0,F001,224.0,3.36,336.0
DC001,SKU005,2019-03-14,2,0.0,0,18.0,144.0,162.0,0.0,0,0.0,36.0,F001,224.0,3.36,336.0
DC001,SKU005,2019-03-15,5,72.0,1,162.0,0.0,90.0,0.0,0,0.0,36.0,F001,224.0,3.36,336.0
DC001,SKU005,2019-03-16,6,0.0,0,90.0,0.0,90.0,0.0,0,0.0,36.0,F001,224.0,3.36,336.0
DC001,SKU005,2019-03-17,4,0.0,0,90.0,0.0,90.0,0.0,0,0.0,36.0,F001,224.0,3.36,336.0
DC001,SKU005,2019-03-18,1,72.0,1,90.0,0.0,18.0,0.0,1,36.0,36.0,F001,224.0,3.36,336.0
DC001,SKU005,2019-03-19,2,42.0,0,18.0,36.0,12.0,0.0,0,0.0,36.0,F001,224.0,3.36,336.0
DC001,SKU005,2019-03-20,4,0.0,0,12.0,0.0,12.0,0.0,0,0.0,36.0,F001,224.0,3.36,336.0
DC001,SKU005,2019-03-21,4,0.0,0,12.0,0.0,12.0,0.0,0,0.0,36.0,F001,224.0,3.36,336.0
DC001,SKU005,2019-03-22,1,0.0,1,12.0,0.0,12.0,0.0,7,252.0,36.0,F001,224.0,3.36,336.0
DC001,SKU005,2019-03-23,1,0.0,0,12.0,252.0,264.0,0.0,0,0.0,36.0,F001,224.0,3.36,336.0
DC001,SKU005,2019-03-24,2,0.0,0,264.0,0.0,264.0,0.0,0,0.0,36.0,F001,224.0,3.36,336.0
DC001,SKU005,2019-03-25,5,0.0,1,264.0,0.0,264.0,0.0,0,0.0,36.0,F001,224.0,3.36,336.0
DC001,SKU005,2019-03-26,1,0.0,0,264.0,0.0,264.0,0.0,0,0.0,36.0,F001,224.0,3.36,336.0
DC001,SKU005,2019-03-27,2,83.0,0,264.0,0.0,181.0,0.0,0,0.0,36.0,F001,224.0,3.36,336.0
DC001,SKU005,2019-03-28,2,0.0,0,181.0,0.0,181.0,0.0,0,0.0,36.0,F001,224.0,3.36,336.0
DC001,SKU005,2019-03-29,2,180.0,1,181.0,0.0,1.0,0.0,0,0.0,36.0,F001,224.0,3.36,336.0
DC001,SKU005,2019-03-30,2,0.0,0,1.0,0.0,1.0,0.0,0,0.0,36.0,F001,224.0,3.36,336.0
DC001,SKU006,2019-01-01,4,12.0,0,1299.0,0.0,1287.0,0.0,0,0.0,70.0,F001,224.0,3.36,336.0
DC001,SKU006,2019-01-02,3,261.0,0,1287.0,0.0,1026.0,0.0,0,0.0,70.0,F001,224.0,3.36,336.0
DC001,SKU006,2019-01-03,2,258.0,0,1026.0,0.0,768.0,0.0,0,0.0,70.0,F001,224.0,3.36,336.0
DC001,SKU006,2019-01-04,1,174.0,1,768.0,0.0,594.0,0.0,0,0.0,70.0,F001,224.0,3.36,336.0
DC001,SKU006,2019-01-05,1,84.0,0,594.0,0.0,510.0,0.0,0,0.0,70.0,F001,224.0,3.36,336.0
DC001,SKU006,2019-01-06,1,0.0,0,510.0,0.0,510.0,0.0,0,0.0,70.0,F001,224.0,3.36,336.0
DC001,SKU006,2019-01-07,2,145.0,1,510.0,0.0,365.0,0.0,3,210.0,70.0,F001,224.0,3.36,336.0
DC001,SKU006,2019-01-08,1,127.0,0,365.0,0.0,238.0,0.0,0,0.0,70.0,F001,224.0,3.36,336.0
DC001,SKU006,2019-01-09,1,48.0,0,238.0,210.0,400.0,0.0,0,0.0,70.0,F001,224.0,3.36,336.0
DC001,SKU006,2019-01-10,6,127.0,0,400.0,0.0,273.0,0.0,0,0.0,70.0,F001,224.0,3.36,336.0
DC001,SKU006,2019-01-11,4,84.0,1,273.0,0.0,189.0,0.0,2,140.0,70.0,F001,224.0,3.36,336.0
DC001,SKU006,2019-01-12,3,0.0,0,189.0,0.0,189.0,0.0,0,0.0,70.0,F001,224.0,3.36,336.0
DC001,SKU006,2019-01-13,5,0.0,0,189.0,0.0,189.0,0.0,0,0.0,70.0,F001,224.0,3.36,336.0
DC001,SKU006,2019-01-14,2,158.0,1,189.0,0.0,31.0,0.0,3,210.0,70.0,F001,224.0,3.36,336.0
DC001,SKU006,2019-01-15,6,150.0,0,31.0,140.0,21.0,0.0,0,0.0,70.0,F001,224.0,3.36,336.0
DC001,SKU006,2019-01-16,5,92.0,0,21.0,210.0,139.0,0.0,0,0.0,70.0,F001,224.0,3.36,336.0
DC001,SKU006,2019-01-17,2,84.0,0,139.0,0.0,55.0,0.0,0,0.0,70.0,F001,224.0,3.36,336.0
DC001,SKU006,2019-01-18,2,0.0,1,55.0,0.0,55.0,0.0,4,280.0,70.0,F001,224.0,3.36,336.0
DC001,SKU006,2019-01-19,4,6.0,0,55.0,0.0,49.0,0.0,0,0.0,70.0,F001,224.0,3.36,336.0
DC001,SKU006,2019-01-20,4,0.0,0,49.0,280.0,329.0,0.0,0,0.0,70.0,F001,224.0,3.36,336.0
DC001,SKU006,2019-01-21,2,168.0,1,329.0,0.0,161.0,0.0,4,280.0,70.0,F001,224.0,3.36,336.0
DC001,SKU006,2019-01-22,3,132.0,0,161.0,0.0,29.0,0.0,0,0.0,70.0,F001,224.0,3.36,336.0
DC001,SKU006,2019-01-23,1,66.0,0,29.0,280.0,243.0,0.0,0,0.0,70.0,F001,224.0,3.36,336.0
DC001,SKU006,2019-01-24,1,45.0,0,243.0,0.0,198.0,0.0,0,0.0,70.0,F001,224.0,3.36,336.0
DC001,SKU006,2019-01-25,3,143.0,1,198.0,0.0,55.0,0.0,4,280.0,70.0,F001,224.0,3.36,336.0
DC001,SKU006,2019-01-26,3,0.0,0,55.0,0.0,55.0,0.0,0,0.0,70.0,F001,224.0,3.36,336.0
DC001,SKU006,2019-01-27,3,0.0,0,55.0,0.0,55.0,0.0,0,0.0,70.0,F001,224.0,3.36,336.0
DC001,SKU006,2019-01-28,1,306.0,1,55.0,280.0,29.0,0.0,15,1050.0,70.0,F001,224.0,3.36,336.0
DC001,SKU006,2019-01-29,2,230.0,0,29.0,1050.0,849.0,0.0,0,0.0,70.0,F001,224.0,3.36,336.0
DC001,SKU006,2019-01-30,1,168.0,0,849.0,0.0,681.0,0.0,0,0.0,70.0,F001,224.0,3.36,336.0
DC001,SKU006,2019-01-31,7,388.0,0,681.0,0.0,293.0,0.0,0,0.0,70.0,F001,224.0,3.36,336.0
DC001,SKU006,2019-02-01,2,159.0,1,293.0,0.0,134.0,0.0,0,0.0,70.0,F001,224.0,3.36,336.0
DC001,SKU006,2019-02-02,3,86.0,0,134.0,0.0,48.0,0.0,0,0.0,70.0,F001,224.0,3.36,336.0
DC001,SKU006,2019-02-03,5,0.0,0,48.0,0.0,48.0,0.0,0,0.0,70.0,F001,224.0,3.36,336.0
DC001,SKU006,2019-02-04,4,0.0,1,48.0,0.0,48.0,0.0,4,280.0,70.0,F001,224.0,3.36,336.0
DC001,SKU006,2019-02-05,3,0.0,0,48.0,0.0,48.0,0.0,0,0.0,70.0,F001,224.0,3.36,336.0
DC001,SKU006,2019-02-06,4,0.0,0,48.0,0.0,48.0,0.0,0,0.0,70.0,F001,224.0,3.36,336.0
DC001,SKU006,2019-02-07,4,45.0,0,48.0,0.0,3.0,0.0,0,0.0,70.0,F001,224.0,3.36,336.0
DC001,SKU006,2019-02-08,4,183.0,1,3.0,280.0,100.0,0.0,2,140.0,70.0,F001,224.0,3.36,336.0
DC001,SKU006,2019-02-09,5,17.0,0,100.0,0.0,83.0,0.0,0,0.0,70.0,F001,224.0,3.36,336.0
DC001,SKU006,2019-02-10,1,0.0,0,83.0,0.0,83.0,0.0,0,0.0,70.0,F001,224.0,3.36,336.0
DC001,SKU006,2019-02-11,3,68.0,1,83.0,0.0,15.0,0.0,5,350.0,70.0,F001,224.0,3.36,336.0
DC001,SKU006,2019-02-12,1,74.0,0,15.0,140.0,81.0,0.0,0,0.0,70.0,F001,224.0,3.36,336.0
DC001,SKU006,2019-02-13,1,58.0,0,81.0,0.0,23.0,0.0,0,0.0,70.0,F001,224.0,3.36,336.0
DC001,SKU006,2019-02-14,1,216.0,0,23.0,350.0,157.0,0.0,0,0.0,70.0,F001,224.0,3.36,336.0
DC001,SKU006,2019-02-15,5,66.0,1,157.0,0.0,91.0,0.0,7,490.0,70.0,F001,224.0,3.36,336.0
DC001,SKU006,2019-02-16,3,0.0,0,91.0,0.0,91.0,0.0,0,0.0,70.0,F001,224.0,3.36,336.0
DC001,SKU006,2019-02-17,2,0.0,0,91.0,0.0,91.0,0.0,0,0.0,70.0,F001,224.0,3.36,336.0
DC001,SKU006,2019-02-18,1,84.0,1,91.0,0.0,7.0,0.0,0,0.0,70.0,F001,224.0,3.36,336.0
DC001,SKU006,2019-02-19,2,0.0,0,7.0,0.0,7.0,0.0,0,0.0,70.0,F001,224.0,3.36,336.0
DC001,SKU006,2019-02-20,4,129.0,0,7.0,490.0,368.0,0.0,0,0.0,70.0,F001,224.0,3.36,336.0
DC001,SKU006,2019-02-21,4,278.0,0,368.0,0.0,90.0,0.0,0,0.0,70.0,F001,224.0,3.36,336.0
DC001,SKU006,2019-02-22,2,42.0,1,90.0,0.0,48.0,0.0,1,70.0,70.0,F001,224.0,3.36,336.0
DC001,SKU006,2019-02-23,1,0.0,0,48.0,0.0,48.0,0.0,0,0.0,70.0,F001,224.0,3.36,336.0
DC001,SKU006,2019-02-24,1,0.0,0,48.0,70.0,118.0,0.0,0,0.0,70.0,F001,224.0,3.36,336.0
DC001,SKU006,2019-02-25,1,87.0,1,118.0,0.0,31.0,0.0,4,280.0,70.0,F001,224.0,3.36,336.0
DC001,SKU006,2019-02-26,4,6.0,0,31.0,280.0,305.0,0.0,0,0.0,70.0,F001,224.0,3.36,336.0
DC001,SKU006,2019-02-27,3,51.0,0,305.0,0.0,254.0,0.0,0,0.0,70.0,F001,224.0,3.36,336.0
DC001,SKU006,2019-02-28,2,84.0,0,254.0,0.0,170.0,0.0,0,0.0,70.0,F001,224.0,3.36,336.0
DC001,SKU006,2019-03-01,3,111.0,1,170.0,0.0,59.0,0.0,10,700.0,70.0,F001,224.0,3.36,336.0
DC001,SKU006,2019-03-02,3,42.0,0,59.0,0.0,17.0,0.0,0,0.0,70.0,F001,224.0,3.36,336.0
DC001,SKU006,2019-03-03,2,0.0,0,17.0,0.0,17.0,0.0,0,0.0,70.0,F001,224.0,3.36,336.0
DC001,SKU006,2019-03-04,3,192.0,1,17.0,700.0,525.0,0.0,5,350.0,70.0,F001,224.0,3.36,336.0
DC001,SKU006,2019-03-05,3,217.0,0,525.0,0.0,308.0,0.0,0,0.0,70.0,F001,224.0,3.36,336.0
DC001,SKU006,2019-03-06,8,271.0,0,308.0,0.0,37.0,0.0,0,0.0,70.0,F001,224.0,3.36,336.0
DC001,SKU006,2019-03-07,2,210.0,0,37.0,350.0,177.0,0.0,0,0.0,70.0,F001,224.0,3.36,336.0
DC001,SKU006,2019-03-08,2,138.0,1,177.0,0.0,39.0,0.0,9,630.0,70.0,F001,224.0,3.36,336.0
DC001,SKU006,2019-03-09,2,0.0,0,39.0,0.0,39.0,0.0,0,0.0,70.0,F001,224.0,3.36,336.0
DC001,SKU006,2019-03-10,3,0.0,0,39.0,630.0,669.0,0.0,0,0.0,70.0,F001,224.0,3.36,336.0
DC001,SKU006,2019-03-11,4,42.0,1,669.0,0.0,627.0,0.0,9,630.0,70.0,F001,224.0,3.36,336.0
DC001,SKU006,2019-03-12,4,12.0,0,627.0,0.0,615.0,0.0,0,0.0,70.0,F001,224.0,3.36,336.0
DC001,SKU006,2019-03-13,3,420.0,0,615.0,0.0,195.0,0.0,0,0.0,70.0,F001,224.0,3.36,336.0
DC001,SKU006,2019-03-14,1,178.0,0,195.0,0.0,17.0,0.0,0,0.0,70.0,F001,224.0,3.36,336.0
DC001,SKU006,2019-03-15,6,164.0,1,17.0,630.0,483.0,0.0,13,910.0,70.0,F001,224.0,3.36,336.0
DC001,SKU006,2019-03-16,5,79.0,0,483.0,0.0,404.0,0.0,0,0.0,70.0,F001,224.0,3.36,336.0
DC001,SKU006,2019-03-17,1,0.0,0,404.0,0.0,404.0,0.0,0,0.0,70.0,F001,224.0,3.36,336.0
DC001,SKU006,2019-03-18,2,194.0,1,404.0,0.0,210.0,0.0,1,70.0,70.0,F001,224.0,3.36,336.0
DC001,SKU006,2019-03-19,2,158.0,0,210.0,0.0,52.0,0.0,0,0.0,70.0,F001,224.0,3.36,336.0
DC001,SKU006,2019-03-20,1,85.0,0,52.0,70.0,37.0,0.0,0,0.0,70.0,F001,224.0,3.36,336.0
DC001,SKU006,2019-03-21,3,130.0,0,37.0,910.0,817.0,0.0,0,0.0,70.0,F001,224.0,3.36,336.0
DC001,SKU006,2019-03-22,7,174.0,1,817.0,0.0,643.0,0.0,0,0.0,70.0,F001,224.0,3.36,336.0
DC001,SKU006,2019-03-23,4,1.0,0,643.0,0.0,642.0,0.0,0,0.0,70.0,F001,224.0,3.36,336.0
DC001,SKU006,2019-03-24,4,0.0,0,642.0,0.0,642.0,0.0,0,0.0,70.0,F001,224.0,3.36,336.0
DC001,SKU006,2019-03-25,4,1.0,1,642.0,0.0,641.0,0.0,4,280.0,70.0,F001,224.0,3.36,336.0
DC001,SKU006,2019-03-26,5,140.0,0,641.0,0.0,501.0,0.0,0,0.0,70.0,F001,224.0,3.36,336.0
DC001,SKU006,2019-03-27,1,236.0,0,501.0,0.0,265.0,0.0,0,0.0,70.0,F001,224.0,3.36,336.0
DC001,SKU006,2019-03-28,5,259.0,0,265.0,0.0,6.0,0.0,0,0.0,70.0,F001,224.0,3.36,336.0
DC001,SKU006,2019-03-29,2,212.0,1,6.0,280.0,74.0,0.0,0,0.0,70.0,F001,224.0,3.36,336.0
DC001,SKU006,2019-03-30,2,86.0,0,74.0,0.0,0.0,12.0,0,0.0,70.0,F001,224.0,3.36,336.0
DC001,SKU008,2019-01-01,5,0.0,0,0.0,0.0,0.0,-0.0,0,0.0,70.0,F001,224.0,3.36,336.0
DC001,SKU008,2019-01-02,3,0.0,0,0.0,0.0,0.0,-0.0,0,0.0,70.0,F001,224.0,3.36,336.0
DC001,SKU008,2019-01-03,3,28.0,0,0.0,0.0,0.0,28.0,0,0.0,70.0,F001,224.0,3.36,336.0
DC001,SKU008,2019-01-04,2,17.0,1,0.0,0.0,0.0,17.0,1,70.0,70.0,F001,224.0,3.36,336.0
DC001,SKU008,2019-01-05,3,19.0,0,0.0,0.0,0.0,19.0,0,0.0,70.0,F001,224.0,3.36,336.0
DC001,SKU008,2019-01-06,2,0.0,0,0.0,70.0,70.0,0.0,0,0.0,70.0,F001,224.0,3.36,336.0
DC001,SKU008,2019-01-07,2,13.0,1,70.0,0.0,57.0,0.0,0,0.0,70.0,F001,224.0,3.36,336.0
DC001,SKU008,2019-01-08,3,0.0,0,57.0,0.0,57.0,0.0,0,0.0,70.0,F001,224.0,3.36,336.0
DC001,SKU008,2019-01-09,4,2.0,0,57.0,0.0,55.0,0.0,0,0.0,70.0,F001,224.0,3.36,336.0
DC001,SKU008,2019-01-10,2,5.0,0,55.0,0.0,50.0,0.0,0,0.0,70.0,F001,224.0,3.36,336.0
DC001,SKU008,2019-01-11,2,0.0,1,50.0,0.0,50.0,0.0,2,140.0,70.0,F001,224.0,3.36,336.0
DC001,SKU008,2019-01-12,3,0.0,0,50.0,0.0,50.0,0.0,0,0.0,70.0,F001,224.0,3.36,336.0
DC001,SKU008,2019-01-13,4,0.0,0,50.0,140.0,190.0,0.0,0,0.0,70.0,F001,224.0,3.36,336.0
DC001,SKU008,2019-01-14,3,80.0,1,190.0,0.0,110.0,0.0,2,140.0,70.0,F001,224.0,3.36,336.0
DC001,SKU008,2019-01-15,2,11.0,0,110.0,0.0,99.0,0.0,0,0.0,70.0,F001,224.0,3.36,336.0
DC001,SKU008,2019-01-16,2,77.0,0,99.0,0.0,22.0,0.0,0,0.0,70.0,F001,224.0,3.36,336.0
DC001,SKU008,2019-01-17,3,3.0,0,22.0,140.0,159.0,0.0,0,0.0,70.0,F001,224.0,3.36,336.0
DC001,SKU008,2019-01-18,6,82.0,1,159.0,0.0,77.0,0.0,2,140.0,70.0,F001,224.0,3.36,336.0
DC001,SKU008,2019-01-19,1,4.0,0,77.0,0.0,73.0,0.0,0,0.0,70.0,F001,224.0,3.36,336.0
DC001,SKU008,2019-01-20,2,0.0,0,73.0,0.0,73.0,0.0,0,0.0,70.0,F001,224.0,3.36,336.0
DC001,SKU008,2019-01-21,6,46.0,1,73.0,0.0,27.0,0.0,0,0.0,70.0,F001,224.0,3.36,336.0
DC001,SKU008,2019-01-22,2,2.0,0,27.0,0.0,25.0,0.0,0,0.0,70.0,F001,224.0,3.36,336.0
DC001,SKU008,2019-01-23,2,12.0,0,25.0,0.0,13.0,0.0,0,0.0,70.0,F001,224.0,3.36,336.0
DC001,SKU008,2019-01-24,2,17.0,0,13.0,140.0,136.0,0.0,0,0.0,70.0,F001,224.0,3.36,336.0
DC001,SKU008,2019-01-25,3,130.0,1,136.0,0.0,6.0,0.0,6,420.0,70.0,F001,224.0,3.36,336.0
DC001,SKU008,2019-01-26,4,11.0,0,6.0,0.0,0.0,5.0,0,0.0,70.0,F001,224.0,3.36,336.0
DC001,SKU008,2019-01-27,2,0.0,0,0.0,0.0,0.0,-0.0,0,0.0,70.0,F001,224.0,3.36,336.0
DC001,SKU008,2019-01-28,4,113.0,1,0.0,420.0,307.0,0.0,2,140.0,70.0,F001,224.0,3.36,336.0
DC001,SKU008,2019-01-29,3,172.0,0,307.0,0.0,135.0,0.0,0,0.0,70.0,F001,224.0,3.36,336.0
DC001,SKU008,2019-01-30,5,124.0,0,135.0,0.0,11.0,0.0,0,0.0,70.0,F001,224.0,3.36,336.0
DC001,SKU008,2019-01-31,2,17.0,0,11.0,0.0,0.0,6.0,0,0.0,70.0,F001,224.0,3.36,336.0
DC001,SKU008,2019-02-01,4,106.0,1,0.0,140.0,34.0,0.0,0,0.0,70.0,F001,224.0,3.36,336.0
DC001,SKU008,2019-02-02,3,0.0,0,34.0,0.0,34.0,0.0,0,0.0,70.0,F001,224.0,3.36,336.0
DC001,SKU008,2019-02-03,4,0.0,0,34.0,0.0,34.0,0.0,0,0.0,70.0,F001,224.0,3.36,336.0
DC001,SKU008,2019-02-04,2,0.0,1,34.0,0.0,34.0,0.0,0,0.0,70.0,F001,224.0,3.36,336.0
DC001,SKU008,2019-02-05,2,0.0,0,34.0,0.0,34.0,0.0,0,0.0,70.0,F001,224.0,3.36,336.0
DC001,SKU008,2019-02-06,5,0.0,0,34.0,0.0,34.0,0.0,0,0.0,70.0,F001,224.0,3.36,336.0
DC001,SKU008,2019-02-07,3,0.0,0,34.0,0.0,34.0,0.0,0,0.0,70.0,F001,224.0,3.36,336.0
DC001,SKU008,2019-02-08,3,16.0,1,34.0,0.0,18.0,0.0,2,140.0,70.0,F001,224.0,3.36,336.0
DC001,SKU008,2019-02-09,4,28.0,0,18.0,0.0,0.0,10.0,0,0.0,70.0,F001,224.0,3.36,336.0
DC001,SKU008,2019-02-10,2,0.0,0,0.0,0.0,0.0,-0.0,0,0.0,70.0,F001,224.0,3.36,336.0
DC001,SKU008,2019-02-11,2,127.0,1,0.0,140.0,13.0,0.0,1,70.0,70.0,F001,224.0,3.36,336.0
DC001,SKU008,2019-02-12,3,11.0,0,13.0,0.0,2.0,0.0,0,0.0,70.0,F001,224.0,3.36,336.0
DC001,SKU008,2019-02-13,2,38.0,0,2.0,70.0,34.0,0.0,0,0.0,70.0,F001,224.0,3.36,336.0
DC001,SKU008,2019-02-14,3,13.0,0,34.0,0.0,21.0,0.0,0,0.0,70.0,F001,224.0,3.36,336.0
DC001,SKU008,2019-02-15,2,29.0,1,21.0,0.0,0.0,8.0,2,140.0,70.0,F001,224.0,3.36,336.0
DC001,SKU008,2019-02-16,5,0.0,0,0.0,0.0,0.0,-0.0,0,0.0,70.0,F001,224.0,3.36,336.0
DC001,SKU008,2019-02-17,3,0.0,0,0.0,140.0,140.0,0.0,0,0.0,70.0,F001,224.0,3.36,336.0
DC001,SKU008,2019-02-18,3,0.0,1,140.0,0.0,140.0,0.0,3,210.0,70.0,F001,224.0,3.36,336.0
DC001,SKU008,2019-02-19,3,0.0,0,140.0,0.0,140.0,0.0,0,0.0,70.0,F001,224.0,3.36,336.0
DC001,SKU008,2019-02-20,4,154.0,0,140.0,0.0,0.0,14.0,0,0.0,70.0,F001,224.0,3.36,336.0
DC001,SKU008,2019-02-21,4,23.0,0,0.0,210.0,187.0,0.0,0,0.0,70.0,F001,224.0,3.36,336.0
DC001,SKU008,2019-02-22,4,2.0,1,187.0,0.0,185.0,0.0,1,70.0,70.0,F001,224.0,3.36,336.0
DC001,SKU008,2019-02-23,4,0.0,0,185.0,0.0,185.0,0.0,0,0.0,70.0,F001,224.0,3.36,336.0
DC001,SKU008,2019-02-24,3,0.0,0,185.0,0.0,185.0,0.0,0,0.0,70.0,F001,224.0,3.36,336.0
DC001,SKU008,2019-02-25,6,160.0,1,185.0,0.0,25.0,0.0,0,0.0,70.0,F001,224.0,3.36,336.0
DC001,SKU008,2019-02-26,3,7.0,0,25.0,70.0,88.0,0.0,0,0.0,70.0,F001,224.0,3.36,336.0
DC001,SKU008,2019-02-27,3,47.0,0,88.0,0.0,41.0,0.0,0,0.0,70.0,F001,224.0,3.36,336.0
DC001,SKU008,2019-02-28,1,4.0,0,41.0,0.0,37.0,0.0,0,0.0,70.0,F001,224.0,3.36,336.0
DC001,SKU008,2019-03-01,3,21.0,1,37.0,0.0,16.0,0.0,1,70.0,70.0,F001,224.0,3.36,336.0
DC001,SKU008,2019-03-02,6,17.0,0,16.0,0.0,0.0,1.0,0,0.0,70.0,F001,224.0,3.36,336.0
DC001,SKU008,2019-03-03,2,0.0,0,0.0,0.0,0.0,-0.0,0,0.0,70.0,F001,224.0,3.36,336.0
DC001,SKU008,2019-03-04,3,77.0,1,0.0,70.0,0.0,7.0,1,70.0,70.0,F001,224.0,3.36,336.0
DC001,SKU008,2019-03-05,2,0.0,0,0.0,0.0,0.0,-0.0,0,0.0,70.0,F001,224.0,3.36,336.0
DC001,SKU008,2019-03-06,1,0.0,0,0.0,0.0,0.0,-0.0,0,0.0,70.0,F001,224.0,3.36,336.0
DC001,SKU008,2019-03-07,3,19.0,0,0.0,70.0,51.0,0.0,0,0.0,70.0,F001,224.0,3.36,336.0
DC001,SKU008,2019-03-08,2,0.0,1,51.0,0.0,51.0,0.0,0,0.0,70.0,F001,224.0,3.36,336.0
DC001,SKU008,2019-03-09,5,0.0,0,51.0,0.0,51.0,0.0,0,0.0,70.0,F001,224.0,3.36,336.0
DC001,SKU008,2019-03-10,6,0.0,0,51.0,0.0,51.0,0.0,0,0.0,70.0,F001,224.0,3.36,336.0
DC001,SKU008,2019-03-11,1,11.0,1,51.0,0.0,40.0,0.0,0,0.0,70.0,F001,224.0,3.36,336.0
DC001,SKU008,2019-03-12,4,13.0,0,40.0,0.0,27.0,0.0,0,0.0,70.0,F001,224.0,3.36,336.0
DC001,SKU008,2019-03-13,3,0.0,0,27.0,0.0,27.0,0.0,0,0.0,70.0,F001,224.0,3.36,336.0
DC001,SKU008,2019-03-14,3,9.0,0,27.0,0.0,18.0,0.0,0,0.0,70.0,F001,224.0,3.36,336.0
DC001,SKU008,2019-03-15,6,3.0,1,18.0,0.0,15.0,0.0,0,0.0,70.0,F001,224.0,3.36,336.0
DC001,SKU008,2019-03-16,5,0.0,0,15.0,0.0,15.0,0.0,0,0.0,70.0,F001,224.0,3.36,336.0
DC001,SKU008,2019-03-17,1,0.0,0,15.0,0.0,15.0,0.0,0,0.0,70.0,F001,224.0,3.36,336.0
DC001,SKU008,2019-03-18,3,0.0,1,15.0,0.0,15.0,0.0,2,140.0,70.0,F001,224.0,3.36,336.0
DC001,SKU008,2019-03-19,3,2.0,0,15.0,0.0,13.0,0.0,0,0.0,70.0,F001,224.0,3.36,336.0
DC001,SKU008,2019-03-20,7,0.0,0,13.0,0.0,13.0,0.0,0,0.0,70.0,F001,224.0,3.36,336.0
DC001,SKU008,2019-03-21,8,0.0,0,13.0,140.0,153.0,0.0,0,0.0,70.0,F001,224.0,3.36,336.0
DC001,SKU008,2019-03-22,4,115.0,1,153.0,0.0,38.0,0.0,1,70.0,70.0,F001,224.0,3.36,336.0
DC001,SKU008,2019-03-23,2,0.0,0,38.0,0.0,38.0,0.0,0,0.0,70.0,F001,224.0,3.36,336.0
DC001,SKU008,2019-03-24,8,0.0,0,38.0,0.0,38.0,0.0,0,0.0,70.0,F001,224.0,3.36,336.0
DC001,SKU008,2019-03-25,4,8.0,1,38.0,0.0,30.0,0.0,0,0.0,70.0,F001,224.0,3.36,336.0
DC001,SKU008,2019-03-26,4,4.0,0,30.0,70.0,96.0,0.0,0,0.0,70.0,F001,224.0,3.36,336.0
DC001,SKU008,2019-03-27,1,38.0,0,96.0,0.0,58.0,0.0,0,0.0,70.0,F001,224.0,3.36,336.0
DC001,SKU008,2019-03-28,3,19.0,0,58.0,0.0,39.0,0.0,0,0.0,70.0,F001,224.0,3.36,336.0
DC001,SKU008,2019-03-29,7,6.0,1,39.0,0.0,33.0,0.0,0,0.0,70.0,F001,224.0,3.36,336.0
DC001,SKU008,2019-03-30,5,37.0,0,33.0,0.0,0.0,4.0,0,0.0,70.0,F001,224.0,3.36,336.0
DC001,SKU009,2019-01-01,4,4.0,0,298.0,0.0,294.0,0.0,0,0.0,80.0,F001,224.0,3.36,336.0
DC001,SKU009,2019-01-02,3,17.0,0,294.0,0.0,277.0,0.0,0,0.0,80.0,F001,224.0,3.36,336.0
DC001,SKU009,2019-01-03,5,0.0,0,277.0,0.0,277.0,0.0,0,0.0,80.0,F001,224.0,3.36,336.0
DC001,SKU009,2019-01-04,6,22.0,1,277.0,0.0,255.0,0.0,0,0.0,80.0,F001,224.0,3.36,336.0
DC001,SKU009,2019-01-05,5,120.0,0,255.0,0.0,135.0,0.0,0,0.0,80.0,F001,224.0,3.36,336.0
DC001,SKU009,2019-01-06,2,0.0,0,135.0,0.0,135.0,0.0,0,0.0,80.0,F001,224.0,3.36,336.0
DC001,SKU009,2019-01-07,4,30.0,1,135.0,0.0,105.0,0.0,0,0.0,80.0,F001,224.0,3.36,336.0
DC001,SKU009,2019-01-08,4,0.0,0,105.0,0.0,105.0,0.0,0,0.0,80.0,F001,224.0,3.36,336.0
DC001,SKU009,2019-01-09,5,6.0,0,105.0,0.0,99.0,0.0,0,0.0,80.0,F001,224.0,3.36,336.0
DC001,SKU009,2019-01-10,2,88.0,0,99.0,0.0,11.0,0.0,0,0.0,80.0,F001,224.0,3.36,336.0
DC001,SKU009,2019-01-11,3,0.0,1,11.0,0.0,11.0,0.0,0,0.0,80.0,F001,224.0,3.36,336.0
DC001,SKU009,2019-01-12,2,0.0,0,11.0,0.0,11.0,0.0,0,0.0,80.0,F001,224.0,3.36,336.0
DC001,SKU009,2019-01-13,4,0.0,0,11.0,0.0,11.0,0.0,0,0.0,80.0,F001,224.0,3.36,336.0
DC001,SKU009,2019-01-14,4,0.0,1,11.0,0.0,11.0,0.0,1,80.0,80.0,F001,224.0,3.36,336.0
DC001,SKU009,2019-01-15,3,0.0,0,11.0,0.0,11.0,0.0,0,0.0,80.0,F001,224.0,3.36,336.0
DC001,SKU009,2019-01-16,1,12.0,0,11.0,0.0,0.0,1.0,0,0.0,80.0,F001,224.0,3.36,336.0
DC001,SKU009,2019-01-17,5,20.0,0,0.0,0.0,0.0,20.0,0,0.0,80.0,F001,224.0,3.36,336.0
DC001,SKU009,2019-01-18,2,52.0,1,0.0,80.0,28.0,0.0,1,80.0,80.0,F001,224.0,3.36,336.0
DC001,SKU009,2019-01-19,1,0.0,0,28.0,0.0,28.0,0.0,0,0.0,80.0,F001,224.0,3.36,336.0
DC001,SKU009,2019-01-20,1,0.0,0,28.0,80.0,108.0,0.0,0,0.0,80.0,F001,224.0,3.36,336.0
DC001,SKU009,2019-01-21,3,55.0,1,108.0,0.0,53.0,0.0,4,320.0,80.0,F001,224.0,3.36,336.0
DC001,SKU009,2019-01-22,4,6.0,0,53.0,0.0,47.0,0.0,0,0.0,80.0,F001,224.0,3.36,336.0
DC001,SKU009,2019-01-23,2,64.0,0,47.0,0.0,0.0,17.0,0,0.0,80.0,F001,224.0,3.36,336.0
DC001,SKU009,2019-01-24,3,23.0,0,0.0,320.0,297.0,0.0,0,0.0,80.0,F001,224.0,3.36,336.0
DC001,SKU009,2019-01-25,4,23.0,1,297.0,0.0,274.0,0.0,0,0.0,80.0,F001,224.0,3.36,336.0
DC001,SKU009,2019-01-26,4,68.0,0,274.0,0.0,206.0,0.0,0,0.0,80.0,F001,224.0,3.36,336.0
DC001,SKU009,2019-01-27,4,0.0,0,206.0,0.0,206.0,0.0,0,0.0,80.0,F001,224.0,3.36,336.0
DC001,SKU009,2019-01-28,1,217.0,1,206.0,0.0,0.0,11.0,10,800.0,80.0,F001,224.0,3.36,336.0
DC001,SKU009,2019-01-29,1,258.0,0,0.0,800.0,542.0,0.0,0,0.0,80.0,F001,224.0,3.36,336.0
DC001,SKU009,2019-01-30,1,72.0,0,542.0,0.0,470.0,0.0,0,0.0,80.0,F001,224.0,3.36,336.0
DC001,SKU009,2019-01-31,4,124.0,0,470.0,0.0,346.0,0.0,0,0.0,80.0,F001,224.0,3.36,336.0
DC001,SKU009,2019-02-01,4,277.0,1,346.0,0.0,69.0,0.0,0,0.0,80.0,F001,224.0,3.36,336.0
DC001,SKU009,2019-02-02,3,0.0,0,69.0,0.0,69.0,0.0,0,0.0,80.0,F001,224.0,3.36,336.0
DC001,SKU009,2019-02-03,4,0.0,0,69.0,0.0,69.0,0.0,0,0.0,80.0,F001,224.0,3.36,336.0
DC001,SKU009,2019-02-04,5,0.0,1,69.0,0.0,69.0,0.0,0,0.0,80.0,F001,224.0,3.36,336.0
DC001,SKU009,2019-02-05,1,0.0,0,69.0,0.0,69.0,0.0,0,0.0,80.0,F001,224.0,3.36,336.0
DC001,SKU009,2019-02-06,2,0.0,0,69.0,0.0,69.0,0.0,0,0.0,80.0,F001,224.0,3.36,336.0
DC001,SKU009,2019-02-07,6,0.0,0,69.0,0.0,69.0,0.0,0,0.0,80.0,F001,224.0,3.36,336.0
DC001,SKU009,2019-02-08,3,43.0,1,69.0,0.0,26.0,0.0,1,80.0,80.0,F001,224.0,3.36,336.0
DC001,SKU009,2019-02-09,1,0.0,0,26.0,0.0,26.0,0.0,0,0.0,80.0,F001,224.0,3.36,336.0
DC001,SKU009,2019-02-10,3,0.0,0,26.0,0.0,26.0,0.0,0,0.0,80.0,F001,224.0,3.36,336.0
DC001,SKU009,2019-02-11,4,43.0,1,26.0,80.0,63.0,0.0,1,80.0,80.0,F001,224.0,3.36,336.0
DC001,SKU009,2019-02-12,4,34.0,0,63.0,0.0,29.0,0.0,0,0.0,80.0,F001,224.0,3.36,336.0
DC001,SKU009,2019-02-13,1,0.0,0,29.0,0.0,29.0,0.0,0,0.0,80.0,F001,224.0,3.36,336.0
DC001,SKU009,2019-02-14,4,29.0,0,29.0,0.0,0.0,-0.0,0,0.0,80.0,F001,224.0,3.36,336.0
DC001,SKU009,2019-02-15,7,42.0,1,0.0,80.0,38.0,0.0,0,0.0,80.0,F001,224.0,3.36,336.0
DC001,SKU009,2019-02-16,3,0.0,0,38.0,0.0,38.0,0.0,0,0.0,80.0,F001,224.0,3.36,336.0
DC001,SKU009,2019-02-17,4,0.0,0,38.0,0.0,38.0,0.0,0,0.0,80.0,F001,224.0,3.36,336.0
DC001,SKU009,2019-02-18,2,0.0,1,38.0,0.0,38.0,0.0,1,80.0,80.0,F001,224.0,3.36,336.0
DC001,SKU009,2019-02-19,3,0.0,0,38.0,0.0,38.0,0.0,0,0.0,80.0,F001,224.0,3.36,336.0
DC001,SKU009,2019-02-20,4,0.0,0,38.0,80.0,118.0,0.0,0,0.0,80.0,F001,224.0,3.36,336.0
DC001,SKU009,2019-02-21,2,71.0,0,118.0,0.0,47.0,0.0,0,0.0,80.0,F001,224.0,3.36,336.0
DC001,SKU009,2019-02-22,2,42.0,1,47.0,0.0,5.0,0.0,0,0.0,80.0,F001,224.0,3.36,336.0
DC001,SKU009,2019-02-23,3,0.0,0,5.0,0.0,5.0,0.0,0,0.0,80.0,F001,224.0,3.36,336.0
DC001,SKU009,2019-02-24,3,0.0,0,5.0,0.0,5.0,0.0,0,0.0,80.0,F001,224.0,3.36,336.0
DC001,SKU009,2019-02-25,3,0.0,1,5.0,0.0,5.0,0.0,3,240.0,80.0,F001,224.0,3.36,336.0
DC001,SKU009,2019-02-26,4,0.0,0,5.0,0.0,5.0,0.0,0,0.0,80.0,F001,224.0,3.36,336.0
DC001,SKU009,2019-02-27,5,0.0,0,5.0,0.0,5.0,0.0,0,0.0,80.0,F001,224.0,3.36,336.0
DC001,SKU009,2019-02-28,3,26.0,0,5.0,240.0,219.0,0.0,0,0.0,80.0,F001,224.0,3.36,336.0
DC001,SKU009,2019-03-01,1,145.0,1,219.0,0.0,74.0,0.0,0,0.0,80.0,F001,224.0,3.36,336.0
DC001,SKU009,2019-03-02,1,0.0,0,74.0,0.0,74.0,0.0,0,0.0,80.0,F001,224.0,3.36,336.0
DC001,SKU009,2019-03-03,2,0.0,0,74.0,0.0,74.0,0.0,0,0.0,80.0,F001,224.0,3.36,336.0
DC001,SKU009,2019-03-04,6,0.0,1,74.0,0.0,74.0,0.0,1,80.0,80.0,F001,224.0,3.36,336.0
DC001,SKU009,2019-03-05,2,6.0,0,74.0,0.0,68.0,0.0,0,0.0,80.0,F001,224.0,3.36,336.0
DC001,SKU009,2019-03-06,3,0.0,0,68.0,0.0,68.0,0.0,0,0.0,80.0,F001,224.0,3.36,336.0
DC001,SKU009,2019-03-07,4,72.0,0,68.0,0.0,0.0,4.0,0,0.0,80.0,F001,224.0,3.36,336.0
DC001,SKU009,2019-03-08,4,0.0,1,0.0,0.0,0.0,-0.0,1,80.0,80.0,F001,224.0,3.36,336.0
DC001,SKU009,2019-03-09,3,0.0,0,0.0,0.0,0.0,-0.0,0,0.0,80.0,F001,224.0,3.36,336.0
DC001,SKU009,2019-03-10,1,0.0,0,0.0,80.0,80.0,0.0,0,0.0,80.0,F001,224.0,3.36,336.0
DC001,SKU009,2019-03-11,3,68.0,1,80.0,0.0,12.0,0.0,1,80.0,80.0,F001,224.0,3.36,336.0
DC001,SKU009,2019-03-12,3,34.0,0,12.0,80.0,58.0,0.0,0,0.0,80.0,F001,224.0,3.36,336.0
DC001,SKU009,2019-03-13,3,0.0,0,58.0,0.0,58.0,0.0,0,0.0,80.0,F001,224.0,3.36,336.0
DC001,SKU009,2019-03-14,2,3.0,0,58.0,80.0,135.0,0.0,0,0.0,80.0,F001,224.0,3.36,336.0
DC001,SKU009,2019-03-15,7,53.0,1,135.0,0.0,82.0,0.0,0,0.0,80.0,F001,224.0,3.36,336.0
DC001,SKU009,2019-03-16,8,68.0,0,82.0,0.0,14.0,0.0,0,0.0,80.0,F001,224.0,3.36,336.0
DC001,SKU009,2019-03-17,7,0.0,0,14.0,0.0,14.0,0.0,0,0.0,80.0,F001,224.0,3.36,336.0
DC001,SKU009,2019-03-18,6,0.0,1,14.0,0.0,14.0,0.0,0,0.0,80.0,F001,224.0,3.36,336.0
DC001,SKU009,2019-03-19,3,0.0,0,14.0,0.0,14.0,0.0,0,0.0,80.0,F001,224.0,3.36,336.0
DC001,SKU009,2019-03-20,4,0.0,0,14.0,0.0,14.0,0.0,0,0.0,80.0,F001,224.0,3.36,336.0
DC001,SKU009,2019-03-21,2,0.0,0,14.0,0.0,14.0,0.0,0,0.0,80.0,F001,224.0,3.36,336.0
DC001,SKU009,2019-03-22,2,0.0,1,14.0,0.0,14.0,0.0,0,0.0,80.0,F001,224.0,3.36,336.0
DC001,SKU009,2019-03-23,2,0.0,0,14.0,0.0,14.0,0.0,0,0.0,80.0,F001,224.0,3.36,336.0
DC001,SKU009,2019-03-24,2,0.0,0,14.0,0.0,14.0,0.0,0,0.0,80.0,F001,224.0,3.36,336.0
DC001,SKU009,2019-03-25,1,0.0,1,14.0,0.0,14.0,0.0,1,80.0,80.0,F001,224.0,3.36,336.0
DC001,SKU009,2019-03-26,1,5.0,0,14.0,80.0,89.0,0.0,0,0.0,80.0,F001,224.0,3.36,336.0
DC001,SKU009,2019-03-27,4,0.0,0,89.0,0.0,89.0,0.0,0,0.0,80.0,F001,224.0,3.36,336.0
DC001,SKU009,2019-03-28,3,26.0,0,89.0,0.0,63.0,0.0,0,0.0,80.0,F001,224.0,3.36,336.0
DC001,SKU009,2019-03-29,3,52.0,1,63.0,0.0,11.0,0.0,0,0.0,80.0,F001,224.0,3.36,336.0
DC001,SKU009,2019-03-30,2,10.0,0,11.0,0.0,1.0,0.0,0,0.0,80.0,F001,224.0,3.36,336.0
DC001,SKU011,2019-01-01,4,60.0,0,424.0,0.0,364.0,0.0,0,0.0,50.0,F001,224.0,3.36,336.0
DC001,SKU011,2019-01-02,4,240.0,0,364.0,0.0,124.0,0.0,0,0.0,50.0,F001,224.0,3.36,336.0
DC001,SKU011,2019-01-03,4,73.0,0,124.0,0.0,51.0,0.0,0,0.0,50.0,F001,224.0,3.36,336.0
DC001,SKU011,2019-01-04,3,4.0,1,51.0,0.0,47.0,0.0,4,200.0,50.0,F001,224.0,3.36,336.0
DC001,SKU011,2019-01-05,8,0.0,0,47.0,0.0,47.0,0.0,0,0.0,50.0,F001,224.0,3.36,336.0
DC001,SKU011,2019-01-06,6,0.0,0,47.0,0.0,47.0,0.0,0,0.0,50.0,F001,224.0,3.36,336.0
DC001,SKU011,2019-01-07,1,216.0,1,47.0,200.0,31.0,0.0,8,400.0,50.0,F001,224.0,3.36,336.0
DC001,SKU011,2019-01-08,3,66.0,0,31.0,400.0,365.0,0.0,0,0.0,50.0,F001,224.0,3.36,336.0
DC001,SKU011,2019-01-09,3,120.0,0,365.0,0.0,245.0,0.0,0,0.0,50.0,F001,224.0,3.36,336.0
DC001,SKU011,2019-01-10,1,138.0,0,245.0,0.0,107.0,0.0,0,0.0,50.0,F001,224.0,3.36,336.0
DC001,SKU011,2019-01-11,6,0.0,1,107.0,0.0,107.0,0.0,8,400.0,50.0,F001,224.0,3.36,336.0
DC001,SKU011,2019-01-12,6,0.0,0,107.0,0.0,107.0,0.0,0,0.0,50.0,F001,224.0,3.36,336.0
DC001,SKU011,2019-01-13,2,0.0,0,107.0,0.0,107.0,0.0,0,0.0,50.0,F001,224.0,3.36,336.0
DC001,SKU011,2019-01-14,8,4.0,1,107.0,0.0,103.0,0.0,0,0.0,50.0,F001,224.0,3.36,336.0
DC001,SKU011,2019-01-15,3,61.0,0,103.0,0.0,42.0,0.0,0,0.0,50.0,F001,224.0,3.36,336.0
DC001,SKU011,2019-01-16,2,54.0,0,42.0,0.0,0.0,12.0,0,0.0,50.0,F001,224.0,3.36,336.0
DC001,SKU011,2019-01-17,2,120.0,0,0.0,400.0,280.0,0.0,0,0.0,50.0,F001,224.0,3.36,336.0
DC001,SKU011,2019-01-18,4,120.0,1,280.0,0.0,160.0,0.0,3,150.0,50.0,F001,224.0,3.36,336.0
DC001,SKU011,2019-01-19,2,12.0,0,160.0,0.0,148.0,0.0,0,0.0,50.0,F001,224.0,3.36,336.0
DC001,SKU011,2019-01-20,1,0.0,0,148.0,0.0,148.0,0.0,0,0.0,50.0,F001,224.0,3.36,336.0
DC001,SKU011,2019-01-21,3,144.0,1,148.0,0.0,4.0,0.0,6,300.0,50.0,F001,224.0,3.36,336.0
DC001,SKU011,2019-01-22,7,62.0,0,4.0,150.0,92.0,0.0,0,0.0,50.0,F001,224.0,3.36,336.0
DC001,SKU011,2019-01-23,2,96.0,0,92.0,0.0,0.0,4.0,0,0.0,50.0,F001,224.0,3.36,336.0
DC001,SKU011,2019-01-24,1,138.0,0,0.0,300.0,162.0,0.0,0,0.0,50.0,F001,224.0,3.36,336.0
DC001,SKU011,2019-01-25,2,72.0,1,162.0,0.0,90.0,0.0,1,50.0,50.0,F001,224.0,3.36,336.0
DC001,SKU011,2019-01-26,2,66.0,0,90.0,0.0,24.0,0.0,0,0.0,50.0,F001,224.0,3.36,336.0
DC001,SKU011,2019-01-27,3,0.0,0,24.0,50.0,74.0,0.0,0,0.0,50.0,F001,224.0,3.36,336.0
DC001,SKU011,2019-01-28,2,16.0,1,74.0,0.0,58.0,0.0,16,800.0,50.0,F001,224.0,3.36,336.0
DC001,SKU011,2019-01-29,1,60.0,0,58.0,0.0,0.0,2.0,0,0.0,50.0,F001,224.0,3.36,336.0
DC001,SKU011,2019-01-30,3,144.0,0,0.0,800.0,656.0,0.0,0,0.0,50.0,F001,224.0,3.36,336.0
DC001,SKU011,2019-01-31,2,264.0,0,656.0,0.0,392.0,0.0,0,0.0,50.0,F001,224.0,3.36,336.0
DC001,SKU011,2019-02-01,2,248.0,1,392.0,0.0,144.0,0.0,1,50.0,50.0,F001,224.0,3.36,336.0
DC001,SKU011,2019-02-02,4,126.0,0,144.0,0.0,18.0,0.0,0,0.0,50.0,F001,224.0,3.36,336.0
DC001,SKU011,2019-02-03,5,0.0,0,18.0,50.0,68.0,0.0,0,0.0,50.0,F001,224.0,3.36,336.0
DC001,SKU011,2019-02-04,6,0.0,1,68.0,0.0,68.0,0.0,0,0.0,50.0,F001,224.0,3.36,336.0
DC001,SKU011,2019-02-05,2,0.0,0,68.0,0.0,68.0,0.0,0,0.0,50.0,F001,224.0,3.36,336.0
DC001,SKU011,2019-02-06,2,0.0,0,68.0,0.0,68.0,0.0,0,0.0,50.0,F001,224.0,3.36,336.0
DC001,SKU011,2019-02-07,3,65.0,0,68.0,0.0,3.0,0.0,0,0.0,50.0,F001,224.0,3.36,336.0
DC001,SKU011,2019-02-08,3,0.0,1,3.0,0.0,3.0,0.0,1,50.0,50.0,F001,224.0,3.36,336.0
DC001,SKU011,2019-02-09,2,0.0,0,3.0,0.0,3.0,0.0,0,0.0,50.0,F001,224.0,3.36,336.0
DC001,SKU011,2019-02-10,4,0.0,0,3.0,0.0,3.0,0.0,0,0.0,50.0,F001,224.0,3.36,336.0
DC001,SKU011,2019-02-11,2,5.0,1,3.0,50.0,48.0,0.0,2,100.0,50.0,F001,224.0,3.36,336.0
DC001,SKU011,2019-02-12,2,1.0,0,48.0,0.0,47.0,0.0,0,0.0,50.0,F001,224.0,3.36,336.0
DC001,SKU011,2019-02-13,5,42.0,0,47.0,100.0,105.0,0.0,0,0.0,50.0,F001,224.0,3.36,336.0
DC001,SKU011,2019-02-14,5,72.0,0,105.0,0.0,33.0,0.0,0,0.0,50.0,F001,224.0,3.36,336.0
DC001,SKU011,2019-02-15,1,12.0,1,33.0,0.0,21.0,0.0,4,200.0,50.0,F001,224.0,3.36,336.0
DC001,SKU011,2019-02-16,2,6.0,0,21.0,200.0,215.0,0.0,0,0.0,50.0,F001,224.0,3.36,336.0
DC001,SKU011,2019-02-17,2,0.0,0,215.0,0.0,215.0,0.0,0,0.0,50.0,F001,224.0,3.36,336.0
DC001,SKU011,2019-02-18,1,204.0,1,215.0,0.0,11.0,0.0,9,450.0,50.0,F001,224.0,3.36,336.0
DC001,SKU011,2019-02-19,3,60.0,0,11.0,450.0,401.0,0.0,0,0.0,50.0,F001,224.0,3.36,336.0
DC001,SKU011,2019-02-20,3,60.0,0,401.0,0.0,341.0,0.0,0,0.0,50.0,F001,224.0,3.36,336.0
DC001,SKU011,2019-02-21,4,24.0,0,341.0,0.0,317.0,0.0,0,0.0,50.0,F001,224.0,3.36,336.0
DC001,SKU011,2019-02-22,7,132.0,1,317.0,0.0,185.0,0.0,0,0.0,50.0,F001,224.0,3.36,336.0
DC001,SKU011,2019-02-23,3,0.0,0,185.0,0.0,185.0,0.0,0,0.0,50.0,F001,224.0,3.36,336.0
DC001,SKU011,2019-02-24,4,0.0,0,185.0,0.0,185.0,0.0,0,0.0,50.0,F001,224.0,3.36,336.0
DC001,SKU011,2019-02-25,2,66.0,1,185.0,0.0,119.0,0.0,3,150.0,50.0,F001,224.0,3.36,336.0
DC001,SKU011,2019-02-26,3,78.0,0,119.0,0.0,41.0,0.0,0,0.0,50.0,F001,224.0,3.36,336.0
DC001,SKU011,2019-02-27,7,12.0,0,41.0,150.0,179.0,0.0,0,0.0,50.0,F001,224.0,3.36,336.0
DC001,SKU011,2019-02-28,2,180.0,0,179.0,0.0,0.0,1.0,0,0.0,50.0,F001,224.0,3.36,336.0
DC001,SKU011,2019-03-01,3,0.0,1,0.0,0.0,0.0,-0.0,4,200.0,50.0,F001,224.0,3.36,336.0
DC001,SKU011,2019-03-02,3,0.0,0,0.0,0.0,0.0,-0.0,0,0.0,50.0,F001,224.0,3.36,336.0
DC001,SKU011,2019-03-03,3,0.0,0,0.0,0.0,0.0,-0.0,0,0.0,50.0,F001,224.0,3.36,336.0
DC001,SKU011,2019-03-04,2,78.0,1,0.0,200.0,122.0,0.0,5,250.0,50.0,F001,224.0,3.36,336.0
DC001,SKU011,2019-03-05,1,120.0,0,122.0,0.0,2.0,0.0,0,0.0,50.0,F001,224.0,3.36,336.0
DC001,SKU011,2019-03-06,3,0.0,0,2.0,250.0,252.0,0.0,0,0.0,50.0,F001,224.0,3.36,336.0
DC001,SKU011,2019-03-07,2,180.0,0,252.0,0.0,72.0,0.0,0,0.0,50.0,F001,224.0,3.36,336.0
DC001,SKU011,2019-03-08,1,72.0,1,72.0,0.0,0.0,-0.0,3,150.0,50.0,F001,224.0,3.36,336.0
DC001,SKU011,2019-03-09,5,120.0,0,0.0,150.0,30.0,0.0,0,0.0,50.0,F001,224.0,3.36,336.0
DC001,SKU011,2019-03-10,1,0.0,0,30.0,0.0,30.0,0.0,0,0.0,50.0,F001,224.0,3.36,336.0
DC001,SKU011,2019-03-11,1,5.0,1,30.0,0.0,25.0,0.0,12,600.0,50.0,F001,224.0,3.36,336.0
DC001,SKU011,2019-03-12,3,120.0,0,25.0,600.0,505.0,0.0,0,0.0,50.0,F001,224.0,3.36,336.0
DC001,SKU011,2019-03-13,5,0.0,0,505.0,0.0,505.0,0.0,0,0.0,50.0,F001,224.0,3.36,336.0
DC001,SKU011,2019-03-14,2,180.0,0,505.0,0.0,325.0,0.0,0,0.0,50.0,F001,224.0,3.36,336.0
DC001,SKU011,2019-03-15,4,300.0,1,325.0,0.0,25.0,0.0,5,250.0,50.0,F001,224.0,3.36,336.0
DC001,SKU011,2019-03-16,5,12.0,0,25.0,0.0,13.0,0.0,0,0.0,50.0,F001,224.0,3.36,336.0
DC001,SKU011,2019-03-17,6,0.0,0,13.0,0.0,13.0,0.0,0,0.0,50.0,F001,224.0,3.36,336.0
DC001,SKU011,2019-03-18,5,6.0,1,13.0,0.0,7.0,0.0,0,0.0,50.0,F001,224.0,3.36,336.0
DC001,SKU011,2019-03-19,1,2.0,0,7.0,250.0,255.0,0.0,0,0.0,50.0,F001,224.0,3.36,336.0
DC001,SKU011,2019-03-20,5,124.0,0,255.0,0.0,131.0,0.0,0,0.0,50.0,F001,224.0,3.36,336.0
DC001,SKU011,2019-03-21,3,60.0,0,131.0,0.0,71.0,0.0,0,0.0,50.0,F001,224.0,3.36,336.0
DC001,SKU011,2019-03-22,2,61.0,1,71.0,0.0,10.0,0.0,17,850.0,50.0,F001,224.0,3.36,336.0
DC001,SKU011,2019-03-23,4,0.0,0,10.0,0.0,10.0,0.0,0,0.0,50.0,F001,224.0,3.36,336.0
DC001,SKU011,2019-03-24,2,0.0,0,10.0,850.0,860.0,0.0,0,0.0,50.0,F001,224.0,3.36,336.0
DC001,SKU011,2019-03-25,3,4.0,1,860.0,0.0,856.0,0.0,10,500.0,50.0,F001,224.0,3.36,336.0
DC001,SKU011,2019-03-26,3,612.0,0,856.0,0.0,244.0,0.0,0,0.0,50.0,F001,224.0,3.36,336.0
DC001,SKU011,2019-03-27,2,240.0,0,244.0,0.0,4.0,0.0,0,0.0,50.0,F001,224.0,3.36,336.0
DC001,SKU011,2019-03-28,3,360.0,0,4.0,500.0,144.0,0.0,0,0.0,50.0,F001,224.0,3.36,336.0
DC001,SKU011,2019-03-29,3,136.0,1,144.0,0.0,8.0,0.0,0,0.0,50.0,F001,224.0,3.36,336.0
DC001,SKU011,2019-03-30,2,0.0,0,8.0,0.0,8.0,0.0,0,0.0,50.0,F001,224.0,3.36,336.0
DC001,SKU012,2019-01-01,5,2.0,0,192.0,0.0,190.0,0.0,0,0.0,130.0,F001,224.0,3.36,336.0
DC001,SKU012,2019-01-02,4,0.0,0,190.0,0.0,190.0,0.0,0,0.0,130.0,F001,224.0,3.36,336.0
DC001,SKU012,2019-01-03,2,75.0,0,190.0,0.0,115.0,0.0,0,0.0,130.0,F001,224.0,3.36,336.0
DC001,SKU012,2019-01-04,3,65.0,1,115.0,0.0,50.0,0.0,1,130.0,130.0,F001,224.0,3.36,336.0
DC001,SKU012,2019-01-05,5,59.0,0,50.0,0.0,0.0,9.0,0,0.0,130.0,F001,224.0,3.36,336.0
DC001,SKU012,2019-01-06,1,0.0,0,0.0,0.0,0.0,-0.0,0,0.0,130.0,F001,224.0,3.36,336.0
DC001,SKU012,2019-01-07,4,14.0,1,0.0,130.0,116.0,0.0,0,0.0,130.0,F001,224.0,3.36,336.0
DC001,SKU012,2019-01-08,5,0.0,0,116.0,0.0,116.0,0.0,0,0.0,130.0,F001,224.0,3.36,336.0
DC001,SKU012,2019-01-09,2,2.0,0,116.0,0.0,114.0,0.0,0,0.0,130.0,F001,224.0,3.36,336.0
DC001,SKU012,2019-01-10,4,65.0,0,114.0,0.0,49.0,0.0,0,0.0,130.0,F001,224.0,3.36,336.0
DC001,SKU012,2019-01-11,2,0.0,1,49.0,0.0,49.0,0.0,0,0.0,130.0,F001,224.0,3.36,336.0
DC001,SKU012,2019-01-12,2,0.0,0,49.0,0.0,49.0,0.0,0,0.0,130.0,F001,224.0,3.36,336.0
DC001,SKU012,2019-01-13,4,0.0,0,49.0,0.0,49.0,0.0,0,0.0,130.0,F001,224.0,3.36,336.0
DC001,SKU012,2019-01-14,4,6.0,1,49.0,0.0,43.0,0.0,0,0.0,130.0,F001,224.0,3.36,336.0
DC001,SKU012,2019-01-15,3,0.0,0,43.0,0.0,43.0,0.0,0,0.0,130.0,F001,224.0,3.36,336.0
DC001,SKU012,2019-01-16,1,0.0,0,43.0,0.0,43.0,0.0,0,0.0,130.0,F001,224.0,3.36,336.0
DC001,SKU012,2019-01-17,1,0.0,0,43.0,0.0,43.0,0.0,0,0.0,130.0,F001,224.0,3.36,336.0
DC001,SKU012,2019-01-18,2,14.0,1,43.0,0.0,29.0,0.0,1,130.0,130.0,F001,224.0,3.36,336.0
DC001,SKU012,2019-01-19,1,50.0,0,29.0,0.0,0.0,21.0,0,0.0,130.0,F001,224.0,3.36,336.0
DC001,SKU012,2019-01-20,8,0.0,0,0.0,130.0,130.0,0.0,0,0.0,130.0,F001,224.0,3.36,336.0
DC001,SKU012,2019-01-21,1,20.0,1,130.0,0.0,110.0,0.0,2,260.0,130.0,F001,224.0,3.36,336.0
DC001,SKU012,2019-01-22,4,2.0,0,110.0,260.0,368.0,0.0,0,0.0,130.0,F001,224.0,3.36,336.0
DC001,SKU012,2019-01-23,6,116.0,0,368.0,0.0,252.0,0.0,0,0.0,130.0,F001,224.0,3.36,336.0
DC001,SKU012,2019-01-24,2,206.0,0,252.0,0.0,46.0,0.0,0,0.0,130.0,F001,224.0,3.36,336.0
DC001,SKU012,2019-01-25,1,40.0,1,46.0,0.0,6.0,0.0,1,130.0,130.0,F001,224.0,3.36,336.0
DC001,SKU012,2019-01-26,1,0.0,0,6.0,130.0,136.0,0.0,0,0.0,130.0,F001,224.0,3.36,336.0
DC001,SKU012,2019-01-27,2,0.0,0,136.0,0.0,136.0,0.0,0,0.0,130.0,F001,224.0,3.36,336.0
DC001,SKU012,2019-01-28,3,10.0,1,136.0,0.0,126.0,0.0,1,130.0,130.0,F001,224.0,3.36,336.0
DC001,SKU012,2019-01-29,3,75.0,0,126.0,0.0,51.0,0.0,0,0.0,130.0,F001,224.0,3.36,336.0
DC001,SKU012,2019-01-30,2,2.0,0,51.0,0.0,49.0,0.0,0,0.0,130.0,F001,224.0,3.36,336.0
DC001,SKU012,2019-01-31,3,98.0,0,49.0,130.0,81.0,0.0,0,0.0,130.0,F001,224.0,3.36,336.0
DC001,SKU012,2019-02-01,4,60.0,1,81.0,0.0,21.0,0.0,0,0.0,130.0,F001,224.0,3.36,336.0
DC001,SKU012,2019-02-02,3,0.0,0,21.0,0.0,21.0,0.0,0,0.0,130.0,F001,224.0,3.36,336.0
DC001,SKU012,2019-02-03,5,0.0,0,21.0,0.0,21.0,0.0,0,0.0,130.0,F001,224.0,3.36,336.0
DC001,SKU012,2019-02-04,1,0.0,1,21.0,0.0,21.0,0.0,1,130.0,130.0,F001,224.0,3.36,336.0
DC001,SKU012,2019-02-05,2,0.0,0,21.0,130.0,151.0,0.0,0,0.0,130.0,F001,224.0,3.36,336.0
DC001,SKU012,2019-02-06,1,0.0,0,151.0,0.0,151.0,0.0,0,0.0,130.0,F001,224.0,3.36,336.0
DC001,SKU012,2019-02-07,5,65.0,0,151.0,0.0,86.0,0.0,0,0.0,130.0,F001,224.0,3.36,336.0
DC001,SKU012,2019-02-08,1,11.0,1,86.0,0.0,75.0,0.0,0,0.0,130.0,F001,224.0,3.36,336.0
DC001,SKU012,2019-02-09,1,0.0,0,75.0,0.0,75.0,0.0,0,0.0,130.0,F001,224.0,3.36,336.0
DC001,SKU012,2019-02-10,5,0.0,0,75.0,0.0,75.0,0.0,0,0.0,130.0,F001,224.0,3.36,336.0
DC001,SKU012,2019-02-11,2,2.0,1,75.0,0.0,73.0,0.0,0,0.0,130.0,F001,224.0,3.36,336.0
DC001,SKU012,2019-02-12,3,85.0,0,73.0,0.0,0.0,12.0,0,0.0,130.0,F001,224.0,3.36,336.0
DC001,SKU012,2019-02-13,4,0.0,0,0.0,0.0,0.0,-0.0,0,0.0,130.0,F001,224.0,3.36,336.0
DC001,SKU012,2019-02-14,2,4.0,0,0.0,0.0,0.0,4.0,0,0.0,130.0,F001,224.0,3.36,336.0
DC001,SKU012,2019-02-15,1,11.0,1,0.0,0.0,0.0,11.0,1,130.0,130.0,F001,224.0,3.36,336.0
DC001,SKU012,2019-02-16,6,0.0,0,0.0,130.0,130.0,0.0,0,0.0,130.0,F001,224.0,3.36,336.0
DC001,SKU012,2019-02-17,1,0.0,0,130.0,0.0,130.0,0.0,0,0.0,130.0,F001,224.0,3.36,336.0
DC001,SKU012,2019-02-18,3,0.0,1,130.0,0.0,130.0,0.0,0,0.0,130.0,F001,224.0,3.36,336.0
DC001,SKU012,2019-02-19,2,80.0,0,130.0,0.0,50.0,0.0,0,0.0,130.0,F001,224.0,3.36,336.0
DC001,SKU012,2019-02-20,3,10.0,0,50.0,0.0,40.0,0.0,0,0.0,130.0,F001,224.0,3.36,336.0
DC001,SKU012,2019-02-21,3,5.0,0,40.0,0.0,35.0,0.0,0,0.0,130.0,F001,224.0,3.36,336.0
DC001,SKU012,2019-02-22,2,4.0,1,35.0,0.0,31.0,0.0,1,130.0,130.0,F001,224.0,3.36,336.0
DC001,SKU012,2019-02-23,3,0.0,0,31.0,0.0,31.0,0.0,0,0.0,130.0,F001,224.0,3.36,336.0
DC001,SKU012,2019-02-24,5,0.0,0,31.0,130.0,161.0,0.0,0,0.0,130.0,F001,224.0,3.36,336.0
DC001,SKU012,2019-02-25,3,0.0,1,161.0,0.0,161.0,0.0,0,0.0,130.0,F001,224.0,3.36,336.0
DC001,SKU012,2019-02-26,1,75.0,0,161.0,0.0,86.0,0.0,0,0.0,130.0,F001,224.0,3.36,336.0
DC001,SKU012,2019-02-27,4,0.0,0,86.0,0.0,86.0,0.0,0,0.0,130.0,F001,224.0,3.36,336.0
DC001,SKU012,2019-02-28,4,66.0,0,86.0,0.0,20.0,0.0,0,0.0,130.0,F001,224.0,3.36,336.0
DC001,SKU012,2019-03-01,2,8.0,1,20.0,0.0,12.0,0.0,0,0.0,130.0,F001,224.0,3.36,336.0
DC001,SKU012,2019-03-02,4,0.0,0,12.0,0.0,12.0,0.0,0,0.0,130.0,F001,224.0,3.36,336.0
DC001,SKU012,2019-03-03,2,0.0,0,12.0,0.0,12.0,0.0,0,0.0,130.0,F001,224.0,3.36,336.0
DC001,SKU012,2019-03-04,1,0.0,1,12.0,0.0,12.0,0.0,0,0.0,130.0,F001,224.0,3.36,336.0
DC001,SKU012,2019-03-05,3,10.0,0,12.0,0.0,2.0,0.0,0,0.0,130.0,F001,224.0,3.36,336.0
DC001,SKU012,2019-03-06,4,0.0,0,2.0,0.0,2.0,0.0,0,0.0,130.0,F001,224.0,3.36,336.0
DC001,SKU012,2019-03-07,1,0.0,0,2.0,0.0,2.0,0.0,0,0.0,130.0,F001,224.0,3.36,336.0
DC001,SKU012,2019-03-08,2,0.0,1,2.0,0.0,2.0,0.0,1,130.0,130.0,F001,224.0,3.36,336.0
DC001,SKU012,2019-03-09,4,0.0,0,2.0,0.0,2.0,0.0,0,0.0,130.0,F001,224.0,3.36,336.0
DC001,SKU012,2019-03-10,2,0.0,0,2.0,130.0,132.0,0.0,0,0.0,130.0,F001,224.0,3.36,336.0
DC001,SKU012,2019-03-11,3,30.0,1,132.0,0.0,102.0,0.0,0,0.0,130.0,F001,224.0,3.36,336.0
DC001,SKU012,2019-03-12,2,35.0,0,102.0,0.0,67.0,0.0,0,0.0,130.0,F001,224.0,3.36,336.0
DC001,SKU012,2019-03-13,2,0.0,0,67.0,0.0,67.0,0.0,0,0.0,130.0,F001,224.0,3.36,336.0
DC001,SKU012,2019-03-14,1,65.0,0,67.0,0.0,2.0,0.0,0,0.0,130.0,F001,224.0,3.36,336.0
DC001,SKU012,2019-03-15,3,10.0,1,2.0,0.0,0.0,8.0,1,130.0,130.0,F001,224.0,3.36,336.0
DC001,SKU012,2019-03-16,2,25.0,0,0.0,0.0,0.0,25.0,0,0.0,130.0,F001,224.0,3.36,336.0
DC001,SKU012,2019-03-17,5,0.0,0,0.0,0.0,0.0,-0.0,0,0.0,130.0,F001,224.0,3.36,336.0
DC001,SKU012,2019-03-18,2,0.0,1,0.0,130.0,130.0,0.0,0,0.0,130.0,F001,224.0,3.36,336.0
DC001,SKU012,2019-03-19,3,15.0,0,130.0,0.0,115.0,0.0,0,0.0,130.0,F001,224.0,3.36,336.0
DC001,SKU012,2019-03-20,5,0.0,0,115.0,0.0,115.0,0.0,0,0.0,130.0,F001,224.0,3.36,336.0
DC001,SKU012,2019-03-21,5,65.0,0,115.0,0.0,50.0,0.0,0,0.0,130.0,F001,224.0,3.36,336.0
DC001,SKU012,2019-03-22,4,0.0,1,50.0,0.0,50.0,0.0,0,0.0,130.0,F001,224.0,3.36,336.0
DC001,SKU012,2019-03-23,1,0.0,0,50.0,0.0,50.0,0.0,0,0.0,130.0,F001,224.0,3.36,336.0
DC001,SKU012,2019-03-24,4,0.0,0,50.0,0.0,50.0,0.0,0,0.0,130.0,F001,224.0,3.36,336.0
DC001,SKU012,2019-03-25,2,0.0,1,50.0,0.0,50.0,0.0,0,0.0,130.0,F001,224.0,3.36,336.0
DC001,SKU012,2019-03-26,4,2.0,0,50.0,0.0,48.0,0.0,0,0.0,130.0,F001,224.0,3.36,336.0
DC001,SKU012,2019-03-27,3,10.0,0,48.0,0.0,38.0,0.0,0,0.0,130.0,F001,224.0,3.36,336.0
DC001,SKU012,2019-03-28,2,2.0,0,38.0,0.0,36.0,0.0,0,0.0,130.0,F001,224.0,3.36,336.0
DC001,SKU012,2019-03-29,5,33.0,1,36.0,0.0,3.0,0.0,0,0.0,130.0,F001,224.0,3.36,336.0
DC001,SKU012,2019-03-30,3,10.0,0,3.0,0.0,0.0,7.0,0,0.0,130.0,F001,224.0,3.36,336.0
DC001,SKU013,2019-01-01,3,0.0,0,0.0,0.0,0.0,-0.0,0,0.0,187.0,F001,224.0,3.36,336.0
DC001,SKU013,2019-01-02,1,0.0,0,0.0,0.0,0.0,-0.0,0,0.0,187.0,F001,224.0,3.36,336.0
DC001,SKU013,2019-01-03,2,0.0,0,0.0,0.0,0.0,-0.0,0,0.0,187.0,F001,224.0,3.36,336.0
DC001,SKU013,2019-01-04,4,0.0,1,0.0,0.0,0.0,-0.0,0,0.0,187.0,F001,224.0,3.36,336.0
DC001,SKU013,2019-01-05,2,0.0,0,0.0,0.0,0.0,-0.0,0,0.0,187.0,F001,224.0,3.36,336.0
DC001,SKU013,2019-01-06,2,0.0,0,0.0,0.0,0.0,-0.0,0,0.0,187.0,F001,224.0,3.36,336.0
DC001,SKU013,2019-01-07,5,75.0,1,0.0,0.0,0.0,75.0,0,0.0,187.0,F001,224.0,3.36,336.0
DC001,SKU013,2019-01-08,3,0.0,0,0.0,0.0,0.0,-0.0,0,0.0,187.0,F001,224.0,3.36,336.0
DC001,SKU013,2019-01-09,1,0.0,0,0.0,0.0,0.0,-0.0,0,0.0,187.0,F001,224.0,3.36,336.0
DC001,SKU013,2019-01-10,3,0.0,0,0.0,0.0,0.0,-0.0,0,0.0,187.0,F001,224.0,3.36,336.0
DC001,SKU013,2019-01-11,2,0.0,1,0.0,0.0,0.0,-0.0,0,0.0,187.0,F001,224.0,3.36,336.0
DC001,SKU013,2019-01-12,1,0.0,0,0.0,0.0,0.0,-0.0,0,0.0,187.0,F001,224.0,3.36,336.0
DC001,SKU013,2019-01-13,3,0.0,0,0.0,0.0,0.0,-0.0,0,0.0,187.0,F001,224.0,3.36,336.0
DC001,SKU013,2019-01-14,3,0.0,1,0.0,0.0,0.0,-0.0,0,0.0,187.0,F001,224.0,3.36,336.0
DC001,SKU013,2019-01-15,4,0.0,0,0.0,0.0,0.0,-0.0,0,0.0,187.0,F001,224.0,3.36,336.0
DC001,SKU013,2019-01-16,4,0.0,0,0.0,0.0,0.0,-0.0,0,0.0,187.0,F001,224.0,3.36,336.0
DC001,SKU013,2019-01-17,3,0.0,0,0.0,0.0,0.0,-0.0,0,0.0,187.0,F001,224.0,3.36,336.0
DC001,SKU013,2019-01-18,2,0.0,1,0.0,0.0,0.0,-0.0,1,187.0,187.0,F001,224.0,3.36,336.0
DC001,SKU013,2019-01-19,4,0.0,0,0.0,0.0,0.0,-0.0,0,0.0,187.0,F001,224.0,3.36,336.0
DC001,SKU013,2019-01-20,3,0.0,0,0.0,187.0,187.0,0.0,0,0.0,187.0,F001,224.0,3.36,336.0
DC001,SKU013,2019-01-21,3,72.0,1,187.0,0.0,115.0,0.0,0,0.0,187.0,F001,224.0,3.36,336.0
DC001,SKU013,2019-01-22,1,0.0,0,115.0,0.0,115.0,0.0,0,0.0,187.0,F001,224.0,3.36,336.0
DC001,SKU013,2019-01-23,3,72.0,0,115.0,0.0,43.0,0.0,0,0.0,187.0,F001,224.0,3.36,336.0
DC001,SKU013,2019-01-24,5,0.0,0,43.0,0.0,43.0,0.0,0,0.0,187.0,F001,224.0,3.36,336.0
DC001,SKU013,2019-01-25,7,0.0,1,43.0,0.0,43.0,0.0,1,187.0,187.0,F001,224.0,3.36,336.0
DC001,SKU013,2019-01-26,3,0.0,0,43.0,0.0,43.0,0.0,0,0.0,187.0,F001,224.0,3.36,336.0
DC001,SKU013,2019-01-27,3,0.0,0,43.0,0.0,43.0,0.0,0,0.0,187.0,F001,224.0,3.36,336.0
DC001,SKU013,2019-01-28,6,75.0,1,43.0,0.0,0.0,32.0,0,0.0,187.0,F001,224.0,3.36,336.0
DC001,SKU013,2019-01-29,2,0.0,0,0.0,0.0,0.0,-0.0,0,0.0,187.0,F001,224.0,3.36,336.0
DC001,SKU013,2019-01-30,5,0.0,0,0.0,0.0,0.0,-0.0,0,0.0,187.0,F001,224.0,3.36,336.0
DC001,SKU013,2019-01-31,1,0.0,0,0.0,0.0,0.0,-0.0,0,0.0,187.0,F001,224.0,3.36,336.0
DC001,SKU013,2019-02-01,2,75.0,1,0.0,187.0,112.0,0.0,0,0.0,187.0,F001,224.0,3.36,336.0
DC001,SKU013,2019-02-02,5,0.0,0,112.0,0.0,112.0,0.0,0,0.0,187.0,F001,224.0,3.36,336.0
DC001,SKU013,2019-02-03,3,0.0,0,112.0,0.0,112.0,0.0,0,0.0,187.0,F001,224.0,3.36,336.0
DC001,SKU013,2019-02-04,4,0.0,1,112.0,0.0,112.0,0.0,1,187.0,187.0,F001,224.0,3.36,336.0
DC001,SKU013,2019-02-05,5,0.0,0,112.0,0.0,112.0,0.0,0,0.0,187.0,F001,224.0,3.36,336.0
DC001,SKU013,2019-02-06,6,0.0,0,112.0,0.0,112.0,0.0,0,0.0,187.0,F001,224.0,3.36,336.0
DC001,SKU013,2019-02-07,4,0.0,0,112.0,0.0,112.0,0.0,0,0.0,187.0,F001,224.0,3.36,336.0
DC001,SKU013,2019-02-08,4,72.0,1,112.0,187.0,227.0,0.0,0,0.0,187.0,F001,224.0,3.36,336.0
DC001,SKU013,2019-02-09,5,0.0,0,227.0,0.0,227.0,0.0,0,0.0,187.0,F001,224.0,3.36,336.0
DC001,SKU013,2019-02-10,4,0.0,0,227.0,0.0,227.0,0.0,0,0.0,187.0,F001,224.0,3.36,336.0
DC001,SKU013,2019-02-11,2,146.0,1,227.0,0.0,81.0,0.0,0,0.0,187.0,F001,224.0,3.36,336.0
DC001,SKU013,2019-02-12,2,0.0,0,81.0,0.0,81.0,0.0,0,0.0,187.0,F001,224.0,3.36,336.0
DC001,SKU013,2019-02-13,3,0.0,0,81.0,0.0,81.0,0.0,0,0.0,187.0,F001,224.0,3.36,336.0
DC001,SKU013,2019-02-14,4,0.0,0,81.0,0.0,81.0,0.0,0,0.0,187.0,F001,224.0,3.36,336.0
DC001,SKU013,2019-02-15,2,0.0,1,81.0,0.0,81.0,0.0,0,0.0,187.0,F001,224.0,3.36,336.0
DC001,SKU013,2019-02-16,4,0.0,0,81.0,0.0,81.0,0.0,0,0.0,187.0,F001,224.0,3.36,336.0
DC001,SKU013,2019-02-17,5,0.0,0,81.0,0.0,81.0,0.0,0,0.0,187.0,F001,224.0,3.36,336.0
DC001,SKU013,2019-02-18,2,0.0,1,81.0,0.0,81.0,0.0,0,0.0,187.0,F001,224.0,3.36,336.0
DC001,SKU013,2019-02-19,3,0.0,0,81.0,0.0,81.0,0.0,0,0.0,187.0,F001,224.0,3.36,336.0
DC001,SKU013,2019-02-20,4,0.0,0,81.0,0.0,81.0,0.0,0,0.0,187.0,F001,224.0,3.36,336.0
DC001,SKU013,2019-02-21,2,0.0,0,81.0,0.0,81.0,0.0,0,0.0,187.0,F001,224.0,3.36,336.0
DC001,SKU013,2019-02-22,8,0.0,1,81.0,0.0,81.0,0.0,0,0.0,187.0,F001,224.0,3.36,336.0
DC001,SKU013,2019-02-23,2,0.0,0,81.0,0.0,81.0,0.0,0,0.0,187.0,F001,224.0,3.36,336.0
DC001,SKU013,2019-02-24,2,0.0,0,81.0,0.0,81.0,0.0,0,0.0,187.0,F001,224.0,3.36,336.0
DC001,SKU013,2019-02-25,4,0.0,1,81.0,0.0,81.0,0.0,0,0.0,187.0,F001,224.0,3.36,336.0
DC001,SKU013,2019-02-26,2,0.0,0,81.0,0.0,81.0,0.0,0,0.0,187.0,F001,224.0,3.36,336.0
DC001,SKU013,2019-02-27,2,75.0,0,81.0,0.0,6.0,0.0,0,0.0,187.0,F001,224.0,3.36,336.0
DC001,SKU013,2019-02-28,2,0.0,0,6.0,0.0,6.0,0.0,0,0.0,187.0,F001,224.0,3.36,336.0
DC001,SKU013,2019-03-01,3,0.0,1,6.0,0.0,6.0,0.0,0,0.0,187.0,F001,224.0,3.36,336.0
DC001,SKU013,2019-03-02,1,0.0,0,6.0,0.0,6.0,0.0,0,0.0,187.0,F001,224.0,3.36,336.0
DC001,SKU013,2019-03-03,3,0.0,0,6.0,0.0,6.0,0.0,0,0.0,187.0,F001,224.0,3.36,336.0
DC001,SKU013,2019-03-04,2,0.0,1,6.0,0.0,6.0,0.0,1,187.0,187.0,F001,224.0,3.36,336.0
DC001,SKU013,2019-03-05,3,0.0,0,6.0,0.0,6.0,0.0,0,0.0,187.0,F001,224.0,3.36,336.0
DC001,SKU013,2019-03-06,5,138.0,0,6.0,187.0,55.0,0.0,0,0.0,187.0,F001,224.0,3.36,336.0
DC001,SKU013,2019-03-07,4,0.0,0,55.0,0.0,55.0,0.0,0,0.0,187.0,F001,224.0,3.36,336.0
DC001,SKU013,2019-03-08,1,72.0,1,55.0,0.0,0.0,17.0,0,0.0,187.0,F001,224.0,3.36,336.0
DC001,SKU013,2019-03-09,4,0.0,0,0.0,0.0,0.0,-0.0,0,0.0,187.0,F001,224.0,3.36,336.0
DC001,SKU013,2019-03-10,2,0.0,0,0.0,0.0,0.0,-0.0,0,0.0,187.0,F001,224.0,3.36,336.0
DC001,SKU013,2019-03-11,3,0.0,1,0.0,0.0,0.0,-0.0,0,0.0,187.0,F001,224.0,3.36,336.0
DC001,SKU013,2019-03-12,1,0.0,0,0.0,0.0,0.0,-0.0,0,0.0,187.0,F001,224.0,3.36,336.0
DC001,SKU013,2019-03-13,3,0.0,0,0.0,0.0,0.0,-0.0,0,0.0,187.0,F001,224.0,3.36,336.0
DC001,SKU013,2019-03-14,7,0.0,0,0.0,0.0,0.0,-0.0,0,0.0,187.0,F001,224.0,3.36,336.0
DC001,SKU013,2019-03-15,3,0.0,1,0.0,0.0,0.0,-0.0,0,0.0,187.0,F001,224.0,3.36,336.0
DC001,SKU013,2019-03-16,4,0.0,0,0.0,0.0,0.0,-0.0,0,0.0,187.0,F001,224.0,3.36,336.0
DC001,SKU013,2019-03-17,5,0.0,0,0.0,0.0,0.0,-0.0,0,0.0,187.0,F001,224.0,3.36,336.0
DC001,SKU013,2019-03-18,5,0.0,1,0.0,0.0,0.0,-0.0,0,0.0,187.0,F001,224.0,3.36,336.0
DC001,SKU013,2019-03-19,3,0.0,0,0.0,0.0,0.0,-0.0,0,0.0,187.0,F001,224.0,3.36,336.0
DC001,SKU013,2019-03-20,2,0.0,0,0.0,0.0,0.0,-0.0,0,0.0,187.0,F001,224.0,3.36,336.0
DC001,SKU013,2019-03-21,3,0.0,0,0.0,0.0,0.0,-0.0,0,0.0,187.0,F001,224.0,3.36,336.0
DC001,SKU013,2019-03-22,4,0.0,1,0.0,0.0,0.0,-0.0,0,0.0,187.0,F001,224.0,3.36,336.0
DC001,SKU013,2019-03-23,2,0.0,0,0.0,0.0,0.0,-0.0,0,0.0,187.0,F001,224.0,3.36,336.0
DC001,SKU013,2019-03-24,6,0.0,0,0.0,0.0,0.0,-0.0,0,0.0,187.0,F001,224.0,3.36,336.0
DC001,SKU013,2019-03-25,1,0.0,1,0.0,0.0,0.0,-0.0,1,187.0,187.0,F001,224.0,3.36,336.0
DC001,SKU013,2019-03-26,4,0.0,0,0.0,187.0,187.0,0.0,0,0.0,187.0,F001,224.0,3.36,336.0
DC001,SKU013,2019-03-27,3,149.0,0,187.0,0.0,38.0,0.0,0,0.0,187.0,F001,224.0,3.36,336.0
DC001,SKU013,2019-03-28,2,0.0,0,38.0,0.0,38.0,0.0,0,0.0,187.0,F001,224.0,3.36,336.0
DC001,SKU013,2019-03-29,3,0.0,1,38.0,0.0,38.0,0.0,0,0.0,187.0,F001,224.0,3.36,336.0
DC001,SKU013,2019-03-30,6,0.0,0,38.0,0.0,38.0,0.0,0,0.0,187.0,F001,224.0,3.36,336.0
DC001,SKU015,2019-01-01,4,0.0,0,136.0,0.0,136.0,0.0,0,0.0,48.0,F001,224.0,3.36,336.0
DC001,SKU015,2019-01-02,1,12.0,0,136.0,0.0,124.0,0.0,0,0.0,48.0,F001,224.0,3.36,336.0
DC001,SKU015,2019-01-03,2,72.0,0,124.0,0.0,52.0,0.0,0,0.0,48.0,F001,224.0,3.36,336.0
DC001,SKU015,2019-01-04,3,38.0,1,52.0,0.0,14.0,0.0,0,0.0,48.0,F001,224.0,3.36,336.0
DC001,SKU015,2019-01-05,4,0.0,0,14.0,0.0,14.0,0.0,0,0.0,48.0,F001,224.0,3.36,336.0
DC001,SKU015,2019-01-06,2,0.0,0,14.0,0.0,14.0,0.0,0,0.0,48.0,F001,224.0,3.36,336.0
DC001,SKU015,2019-01-07,2,14.0,1,14.0,0.0,0.0,-0.0,3,144.0,48.0,F001,224.0,3.36,336.0
DC001,SKU015,2019-01-08,1,0.0,0,0.0,0.0,0.0,-0.0,0,0.0,48.0,F001,224.0,3.36,336.0
DC001,SKU015,2019-01-09,6,28.0,0,0.0,144.0,116.0,0.0,0,0.0,48.0,F001,224.0,3.36,336.0
DC001,SKU015,2019-01-10,2,76.0,0,116.0,0.0,40.0,0.0,0,0.0,48.0,F001,224.0,3.36,336.0
DC001,SKU015,2019-01-11,3,6.0,1,40.0,0.0,34.0,0.0,0,0.0,48.0,F001,224.0,3.36,336.0
DC001,SKU015,2019-01-12,4,0.0,0,34.0,0.0,34.0,0.0,0,0.0,48.0,F001,224.0,3.36,336.0
DC001,SKU015,2019-01-13,2,0.0,0,34.0,0.0,34.0,0.0,0,0.0,48.0,F001,224.0,3.36,336.0
DC001,SKU015,2019-01-14,1,32.0,1,34.0,0.0,2.0,0.0,6,288.0,48.0,F001,224.0,3.36,336.0
DC001,SKU015,2019-01-15,3,16.0,0,2.0,288.0,274.0,0.0,0,0.0,48.0,F001,224.0,3.36,336.0
DC001,SKU015,2019-01-16,4,4.0,0,274.0,0.0,270.0,0.0,0,0.0,48.0,F001,224.0,3.36,336.0
DC001,SKU015,2019-01-17,4,76.0,0,270.0,0.0,194.0,0.0,0,0.0,48.0,F001,224.0,3.36,336.0
DC001,SKU015,2019-01-18,7,34.0,1,194.0,0.0,160.0,0.0,0,0.0,48.0,F001,224.0,3.36,336.0
DC001,SKU015,2019-01-19,2,0.0,0,160.0,0.0,160.0,0.0,0,0.0,48.0,F001,224.0,3.36,336.0
DC001,SKU015,2019-01-20,5,0.0,0,160.0,0.0,160.0,0.0,0,0.0,48.0,F001,224.0,3.36,336.0
DC001,SKU015,2019-01-21,4,54.0,1,160.0,0.0,106.0,0.0,0,0.0,48.0,F001,224.0,3.36,336.0
DC001,SKU015,2019-01-22,3,16.0,0,106.0,0.0,90.0,0.0,0,0.0,48.0,F001,224.0,3.36,336.0
DC001,SKU015,2019-01-23,1,0.0,0,90.0,0.0,90.0,0.0,0,0.0,48.0,F001,224.0,3.36,336.0
DC001,SKU015,2019-01-24,1,76.0,0,90.0,0.0,14.0,0.0,0,0.0,48.0,F001,224.0,3.36,336.0
DC001,SKU015,2019-01-25,2,14.0,1,14.0,0.0,0.0,-0.0,2,96.0,48.0,F001,224.0,3.36,336.0
DC001,SKU015,2019-01-26,1,0.0,0,0.0,0.0,0.0,-0.0,0,0.0,48.0,F001,224.0,3.36,336.0
DC001,SKU015,2019-01-27,5,0.0,0,0.0,96.0,96.0,0.0,0,0.0,48.0,F001,224.0,3.36,336.0
DC001,SKU015,2019-01-28,3,14.0,1,96.0,0.0,82.0,0.0,2,96.0,48.0,F001,224.0,3.36,336.0
DC001,SKU015,2019-01-29,2,0.0,0,82.0,0.0,82.0,0.0,0,0.0,48.0,F001,224.0,3.36,336.0
DC001,SKU015,2019-01-30,3,44.0,0,82.0,0.0,38.0,0.0,0,0.0,48.0,F001,224.0,3.36,336.0
DC001,SKU015,2019-01-31,3,82.0,0,38.0,96.0,52.0,0.0,0,0.0,48.0,F001,224.0,3.36,336.0
DC001,SKU015,2019-02-01,3,36.0,1,52.0,0.0,16.0,0.0,0,0.0,48.0,F001,224.0,3.36,336.0
DC001,SKU015,2019-02-02,2,4.0,0,16.0,0.0,12.0,0.0,0,0.0,48.0,F001,224.0,3.36,336.0
DC001,SKU015,2019-02-03,2,0.0,0,12.0,0.0,12.0,0.0,0,0.0,48.0,F001,224.0,3.36,336.0
DC001,SKU015,2019-02-04,2,0.0,1,12.0,0.0,12.0,0.0,0,0.0,48.0,F001,224.0,3.36,336.0
DC001,SKU015,2019-02-05,4,0.0,0,12.0,0.0,12.0,0.0,0,0.0,48.0,F001,224.0,3.36,336.0
DC001,SKU015,2019-02-06,4,0.0,0,12.0,0.0,12.0,0.0,0,0.0,48.0,F001,224.0,3.36,336.0
DC001,SKU015,2019-02-07,4,4.0,0,12.0,0.0,8.0,0.0,0,0.0,48.0,F001,224.0,3.36,336.0
DC001,SKU015,2019-02-08,2,0.0,1,8.0,0.0,8.0,0.0,2,96.0,48.0,F001,224.0,3.36,336.0
DC001,SKU015,2019-02-09,2,0.0,0,8.0,0.0,8.0,0.0,0,0.0,48.0,F001,224.0,3.36,336.0
DC001,SKU015,2019-02-10,4,0.0,0,8.0,96.0,104.0,0.0,0,0.0,48.0,F001,224.0,3.36,336.0
DC001,SKU015,2019-02-11,1,76.0,1,104.0,0.0,28.0,0.0,1,48.0,48.0,F001,224.0,3.36,336.0
DC001,SKU015,2019-02-12,5,4.0,0,28.0,48.0,72.0,0.0,0,0.0,48.0,F001,224.0,3.36,336.0
DC001,SKU015,2019-02-13,2,0.0,0,72.0,0.0,72.0,0.0,0,0.0,48.0,F001,224.0,3.36,336.0
DC001,SKU015,2019-02-14,6,30.0,0,72.0,0.0,42.0,0.0,0,0.0,48.0,F001,224.0,3.36,336.0
DC001,SKU015,2019-02-15,4,20.0,1,42.0,0.0,22.0,0.0,2,96.0,48.0,F001,224.0,3.36,336.0
DC001,SKU015,2019-02-16,1,2.0,0,22.0,0.0,20.0,0.0,0,0.0,48.0,F001,224.0,3.36,336.0
DC001,SKU015,2019-02-17,1,0.0,0,20.0,0.0,20.0,0.0,0,0.0,48.0,F001,224.0,3.36,336.0
DC001,SKU015,2019-02-18,4,24.0,1,20.0,0.0,0.0,4.0,1,48.0,48.0,F001,224.0,3.36,336.0
DC001,SKU015,2019-02-19,2,0.0,0,0.0,96.0,96.0,0.0,0,0.0,48.0,F001,224.0,3.36,336.0
DC001,SKU015,2019-02-20,1,0.0,0,96.0,0.0,96.0,0.0,0,0.0,48.0,F001,224.0,3.36,336.0
DC001,SKU015,2019-02-21,1,86.0,0,96.0,0.0,10.0,0.0,0,0.0,48.0,F001,224.0,3.36,336.0
DC001,SKU015,2019-02-22,3,56.0,1,10.0,48.0,2.0,0.0,2,96.0,48.0,F001,224.0,3.36,336.0
DC001,SKU015,2019-02-23,6,0.0,0,2.0,0.0,2.0,0.0,0,0.0,48.0,F001,224.0,3.36,336.0
DC001,SKU015,2019-02-24,1,0.0,0,2.0,0.0,2.0,0.0,0,0.0,48.0,F001,224.0,3.36,336.0
DC001,SKU015,2019-02-25,3,26.0,1,2.0,96.0,72.0,0.0,3,144.0,48.0,F001,224.0,3.36,336.0
DC001,SKU015,2019-02-26,1,14.0,0,72.0,0.0,58.0,0.0,0,0.0,48.0,F001,224.0,3.36,336.0
DC001,SKU015,2019-02-27,5,34.0,0,58.0,0.0,24.0,0.0,0,0.0,48.0,F001,224.0,3.36,336.0
DC001,SKU015,2019-02-28,3,46.0,0,24.0,144.0,122.0,0.0,0,0.0,48.0,F001,224.0,3.36,336.0
DC001,SKU015,2019-03-01,7,24.0,1,122.0,0.0,98.0,0.0,0,0.0,48.0,F001,224.0,3.36,336.0
DC001,SKU015,2019-03-02,4,0.0,0,98.0,0.0,98.0,0.0,0,0.0,48.0,F001,224.0,3.36,336.0
DC001,SKU015,2019-03-03,4,0.0,0,98.0,0.0,98.0,0.0,0,0.0,48.0,F001,224.0,3.36,336.0
DC001,SKU015,2019-03-04,2,96.0,1,98.0,0.0,2.0,0.0,2,96.0,48.0,F001,224.0,3.36,336.0
DC001,SKU015,2019-03-05,6,6.0,0,2.0,0.0,0.0,4.0,0,0.0,48.0,F001,224.0,3.36,336.0
DC001,SKU015,2019-03-06,6,8.0,0,0.0,96.0,88.0,0.0,0,0.0,48.0,F001,224.0,3.36,336.0
DC001,SKU015,2019-03-07,6,52.0,0,88.0,0.0,36.0,0.0,0,0.0,48.0,F001,224.0,3.36,336.0
DC001,SKU015,2019-03-08,2,6.0,1,36.0,0.0,30.0,0.0,7,336.0,48.0,F001,224.0,3.36,336.0
DC001,SKU015,2019-03-09,2,0.0,0,30.0,0.0,30.0,0.0,0,0.0,48.0,F001,224.0,3.36,336.0
DC001,SKU015,2019-03-10,4,0.0,0,30.0,336.0,366.0,0.0,0,0.0,48.0,F001,224.0,3.36,336.0
DC001,SKU015,2019-03-11,3,30.0,1,366.0,0.0,336.0,0.0,1,48.0,48.0,F001,224.0,3.36,336.0
DC001,SKU015,2019-03-12,3,86.0,0,336.0,0.0,250.0,0.0,0,0.0,48.0,F001,224.0,3.36,336.0
DC001,SKU015,2019-03-13,4,226.0,0,250.0,0.0,24.0,0.0,0,0.0,48.0,F001,224.0,3.36,336.0
DC001,SKU015,2019-03-14,3,54.0,0,24.0,48.0,18.0,0.0,0,0.0,48.0,F001,224.0,3.36,336.0
DC001,SKU015,2019-03-15,3,10.0,1,18.0,0.0,8.0,0.0,2,96.0,48.0,F001,224.0,3.36,336.0
DC001,SKU015,2019-03-16,4,0.0,0,8.0,0.0,8.0,0.0,0,0.0,48.0,F001,224.0,3.36,336.0
DC001,SKU015,2019-03-17,3,0.0,0,8.0,0.0,8.0,0.0,0,0.0,48.0,F001,224.0,3.36,336.0
DC001,SKU015,2019-03-18,3,62.0,1,8.0,96.0,42.0,0.0,3,144.0,48.0,F001,224.0,3.36,336.0
DC001,SKU015,2019-03-19,4,14.0,0,42.0,0.0,28.0,0.0,0,0.0,48.0,F001,224.0,3.36,336.0
DC001,SKU015,2019-03-20,2,16.0,0,28.0,0.0,12.0,0.0,0,0.0,48.0,F001,224.0,3.36,336.0
DC001,SKU015,2019-03-21,3,10.0,0,12.0,144.0,146.0,0.0,0,0.0,48.0,F001,224.0,3.36,336.0
DC001,SKU015,2019-03-22,5,28.0,1,146.0,0.0,118.0,0.0,0,0.0,48.0,F001,224.0,3.36,336.0
DC001,SKU015,2019-03-23,3,0.0,0,118.0,0.0,118.0,0.0,0,0.0,48.0,F001,224.0,3.36,336.0
DC001,SKU015,2019-03-24,5,0.0,0,118.0,0.0,118.0,0.0,0,0.0,48.0,F001,224.0,3.36,336.0
DC001,SKU015,2019-03-25,3,94.0,1,118.0,0.0,24.0,0.0,7,336.0,48.0,F001,224.0,3.36,336.0
DC001,SKU015,2019-03-26,6,32.0,0,24.0,0.0,0.0,8.0,0,0.0,48.0,F001,224.0,3.36,336.0
DC001,SKU015,2019-03-27,1,0.0,0,0.0,0.0,0.0,-0.0,0,0.0,48.0,F001,224.0,3.36,336.0
DC001,SKU015,2019-03-28,1,2.0,0,0.0,336.0,334.0,0.0,0,0.0,48.0,F001,224.0,3.36,336.0
DC001,SKU015,2019-03-29,1,330.0,1,334.0,0.0,4.0,0.0,1,48.0,48.0,F001,224.0,3.36,336.0
DC001,SKU015,2019-03-30,3,52.0,0,4.0,48.0,0.0,-0.0,0,0.0,48.0,F001,224.0,3.36,336.0
DC001,SKU016,2019-01-01,3,115.0,0,1927.0,0.0,1812.0,0.0,0,0.0,56.0,F001,224.0,3.36,336.0
DC001,SKU016,2019-01-02,1,19.0,0,1812.0,0.0,1793.0,0.0,0,0.0,56.0,F001,224.0,3.36,336.0
DC001,SKU016,2019-01-03,4,269.0,0,1793.0,0.0,1524.0,0.0,0,0.0,56.0,F001,224.0,3.36,336.0
DC001,SKU016,2019-01-04,5,67.0,1,1524.0,0.0,1457.0,0.0,0,0.0,56.0,F001,224.0,3.36,336.0
DC001,SKU016,2019-01-05,1,0.0,0,1457.0,0.0,1457.0,0.0,0,0.0,56.0,F001,224.0,3.36,336.0
DC001,SKU016,2019-01-06,4,0.0,0,1457.0,0.0,1457.0,0.0,0,0.0,56.0,F001,224.0,3.36,336.0
DC001,SKU016,2019-01-07,3,12.0,1,1457.0,0.0,1445.0,0.0,0,0.0,56.0,F001,224.0,3.36,336.0
DC001,SKU016,2019-01-08,2,514.0,0,1445.0,0.0,931.0,0.0,0,0.0,56.0,F001,224.0,3.36,336.0
DC001,SKU016,2019-01-09,2,0.0,0,931.0,0.0,931.0,0.0,0,0.0,56.0,F001,224.0,3.36,336.0
DC001,SKU016,2019-01-10,1,0.0,0,931.0,0.0,931.0,0.0,0,0.0,56.0,F001,224.0,3.36,336.0
DC001,SKU016,2019-01-11,1,38.0,1,931.0,0.0,893.0,0.0,0,0.0,56.0,F001,224.0,3.36,336.0
DC001,SKU016,2019-01-12,3,67.0,0,893.0,0.0,826.0,0.0,0,0.0,56.0,F001,224.0,3.36,336.0
DC001,SKU016,2019-01-13,4,0.0,0,826.0,0.0,826.0,0.0,0,0.0,56.0,F001,224.0,3.36,336.0
DC001,SKU016,2019-01-14,4,77.0,1,826.0,0.0,749.0,0.0,0,0.0,56.0,F001,224.0,3.36,336.0
DC001,SKU016,2019-01-15,6,173.0,0,749.0,0.0,576.0,0.0,0,0.0,56.0,F001,224.0,3.36,336.0
DC001,SKU016,2019-01-16,3,10.0,0,576.0,0.0,566.0,0.0,0,0.0,56.0,F001,224.0,3.36,336.0
DC001,SKU016,2019-01-17,3,125.0,0,566.0,0.0,441.0,0.0,0,0.0,56.0,F001,224.0,3.36,336.0
DC001,SKU016,2019-01-18,3,77.0,1,441.0,0.0,364.0,0.0,0,0.0,56.0,F001,224.0,3.36,336.0
DC001,SKU016,2019-01-19,4,134.0,0,364.0,0.0,230.0,0.0,0,0.0,56.0,F001,224.0,3.36,336.0
DC001,SKU016,2019-01-20,2,0.0,0,230.0,0.0,230.0,0.0,0,0.0,56.0,F001,224.0,3.36,336.0
DC001,SKU016,2019-01-21,1,10.0,1,230.0,0.0,220.0,0.0,12,672.0,56.0,F001,224.0,3.36,336.0
DC001,SKU016,2019-01-22,3,326.0,0,220.0,672.0,566.0,0.0,0,0.0,56.0,F001,224.0,3.36,336.0
DC001,SKU016,2019-01-23,1,0.0,0,566.0,0.0,566.0,0.0,0,0.0,56.0,F001,224.0,3.36,336.0
DC001,SKU016,2019-01-24,3,221.0,0,566.0,0.0,345.0,0.0,0,0.0,56.0,F001,224.0,3.36,336.0
DC001,SKU016,2019-01-25,4,278.0,1,345.0,0.0,67.0,0.0,0,0.0,56.0,F001,224.0,3.36,336.0
DC001,SKU016,2019-01-26,6,29.0,0,67.0,0.0,38.0,0.0,0,0.0,56.0,F001,224.0,3.36,336.0
DC001,SKU016,2019-01-27,4,0.0,0,38.0,0.0,38.0,0.0,0,0.0,56.0,F001,224.0,3.36,336.0
DC001,SKU016,2019-01-28,1,0.0,1,38.0,0.0,38.0,0.0,11,616.0,56.0,F001,224.0,3.36,336.0
DC001,SKU016,2019-01-29,4,355.0,0,38.0,616.0,299.0,0.0,0,0.0,56.0,F001,224.0,3.36,336.0
DC001,SKU016,2019-01-30,5,67.0,0,299.0,0.0,232.0,0.0,0,0.0,56.0,F001,224.0,3.36,336.0
DC001,SKU016,2019-01-31,1,67.0,0,232.0,0.0,165.0,0.0,0,0.0,56.0,F001,224.0,3.36,336.0
DC001,SKU016,2019-02-01,1,144.0,1,165.0,0.0,21.0,0.0,2,112.0,56.0,F001,224.0,3.36,336.0
DC001,SKU016,2019-02-02,4,134.0,0,21.0,112.0,0.0,1.0,0,0.0,56.0,F001,224.0,3.36,336.0
DC001,SKU016,2019-02-03,2,0.0,0,0.0,0.0,0.0,-0.0,0,0.0,56.0,F001,224.0,3.36,336.0
DC001,SKU016,2019-02-04,2,0.0,1,0.0,0.0,0.0,-0.0,3,168.0,56.0,F001,224.0,3.36,336.0
DC001,SKU016,2019-02-05,6,0.0,0,0.0,0.0,0.0,-0.0,0,0.0,56.0,F001,224.0,3.36,336.0
DC001,SKU016,2019-02-06,5,0.0,0,0.0,168.0,168.0,0.0,0,0.0,56.0,F001,224.0,3.36,336.0
DC001,SKU016,2019-02-07,4,48.0,0,168.0,0.0,120.0,0.0,0,0.0,56.0,F001,224.0,3.36,336.0
DC001,SKU016,2019-02-08,1,86.0,1,120.0,0.0,34.0,0.0,6,336.0,56.0,F001,224.0,3.36,336.0
DC001,SKU016,2019-02-09,3,230.0,0,34.0,336.0,140.0,0.0,0,0.0,56.0,F001,224.0,3.36,336.0
DC001,SKU016,2019-02-10,6,0.0,0,140.0,0.0,140.0,0.0,0,0.0,56.0,F001,224.0,3.36,336.0
DC001,SKU016,2019-02-11,3,19.0,1,140.0,0.0,121.0,0.0,4,224.0,56.0,F001,224.0,3.36,336.0
DC001,SKU016,2019-02-12,2,67.0,0,121.0,0.0,54.0,0.0,0,0.0,56.0,F001,224.0,3.36,336.0
DC001,SKU016,2019-02-13,3,67.0,0,54.0,0.0,0.0,13.0,0,0.0,56.0,F001,224.0,3.36,336.0
DC001,SKU016,2019-02-14,1,0.0,0,0.0,224.0,224.0,0.0,0,0.0,56.0,F001,224.0,3.36,336.0
DC001,SKU016,2019-02-15,4,86.0,1,224.0,0.0,138.0,0.0,3,168.0,56.0,F001,224.0,3.36,336.0
DC001,SKU016,2019-02-16,4,0.0,0,138.0,0.0,138.0,0.0,0,0.0,56.0,F001,224.0,3.36,336.0
DC001,SKU016,2019-02-17,3,0.0,0,138.0,0.0,138.0,0.0,0,0.0,56.0,F001,224.0,3.36,336.0
DC001,SKU016,2019-02-18,4,101.0,1,138.0,0.0,37.0,0.0,4,224.0,56.0,F001,224.0,3.36,336.0
DC001,SKU016,2019-02-19,6,67.0,0,37.0,168.0,138.0,0.0,0,0.0,56.0,F001,224.0,3.36,336.0
DC001,SKU016,2019-02-20,6,0.0,0,138.0,0.0,138.0,0.0,0,0.0,56.0,F001,224.0,3.36,336.0
DC001,SKU016,2019-02-21,8,134.0,0,138.0,0.0,4.0,0.0,0,0.0,56.0,F001,224.0,3.36,336.0
DC001,SKU016,2019-02-22,4,82.0,1,4.0,224.0,146.0,0.0,7,392.0,56.0,F001,224.0,3.36,336.0
DC001,SKU016,2019-02-23,4,96.0,0,146.0,0.0,50.0,0.0,0,0.0,56.0,F001,224.0,3.36,336.0
DC001,SKU016,2019-02-24,1,0.0,0,50.0,0.0,50.0,0.0,0,0.0,56.0,F001,224.0,3.36,336.0
DC001,SKU016,2019-02-25,4,24.0,1,50.0,0.0,26.0,0.0,2,112.0,56.0,F001,224.0,3.36,336.0
DC001,SKU016,2019-02-26,2,211.0,0,26.0,392.0,207.0,0.0,0,0.0,56.0,F001,224.0,3.36,336.0
DC001,SKU016,2019-02-27,1,106.0,0,207.0,0.0,101.0,0.0,0,0.0,56.0,F001,224.0,3.36,336.0
DC001,SKU016,2019-02-28,4,77.0,0,101.0,0.0,24.0,0.0,0,0.0,56.0,F001,224.0,3.36,336.0
DC001,SKU016,2019-03-01,1,86.0,1,24.0,112.0,50.0,0.0,5,280.0,56.0,F001,224.0,3.36,336.0
DC001,SKU016,2019-03-02,5,19.0,0,50.0,280.0,311.0,0.0,0,0.0,56.0,F001,224.0,3.36,336.0
DC001,SKU016,2019-03-03,3,0.0,0,311.0,0.0,311.0,0.0,0,0.0,56.0,F001,224.0,3.36,336.0
DC001,SKU016,2019-03-04,2,96.0,1,311.0,0.0,215.0,0.0,7,392.0,56.0,F001,224.0,3.36,336.0
DC001,SKU016,2019-03-05,4,211.0,0,215.0,0.0,4.0,0.0,0,0.0,56.0,F001,224.0,3.36,336.0
DC001,SKU016,2019-03-06,1,211.0,0,4.0,392.0,185.0,0.0,0,0.0,56.0,F001,224.0,3.36,336.0
DC001,SKU016,2019-03-07,5,38.0,0,185.0,0.0,147.0,0.0,0,0.0,56.0,F001,224.0,3.36,336.0
DC001,SKU016,2019-03-08,2,67.0,1,147.0,0.0,80.0,0.0,7,392.0,56.0,F001,224.0,3.36,336.0
DC001,SKU016,2019-03-09,4,67.0,0,80.0,0.0,13.0,0.0,0,0.0,56.0,F001,224.0,3.36,336.0
DC001,SKU016,2019-03-10,2,0.0,0,13.0,392.0,405.0,0.0,0,0.0,56.0,F001,224.0,3.36,336.0
DC001,SKU016,2019-03-11,4,67.0,1,405.0,0.0,338.0,0.0,6,336.0,56.0,F001,224.0,3.36,336.0
DC001,SKU016,2019-03-12,3,202.0,0,338.0,0.0,136.0,0.0,0,0.0,56.0,F001,224.0,3.36,336.0
DC001,SKU016,2019-03-13,3,0.0,0,136.0,0.0,136.0,0.0,0,0.0,56.0,F001,224.0,3.36,336.0
DC001,SKU016,2019-03-14,5,134.0,0,136.0,0.0,2.0,0.0,0,0.0,56.0,F001,224.0,3.36,336.0
DC001,SKU016,2019-03-15,2,230.0,1,2.0,336.0,108.0,0.0,4,224.0,56.0,F001,224.0,3.36,336.0
DC001,SKU016,2019-03-16,4,125.0,0,108.0,0.0,0.0,17.0,0,0.0,56.0,F001,224.0,3.36,336.0
DC001,SKU016,2019-03-17,2,0.0,0,0.0,224.0,224.0,0.0,0,0.0,56.0,F001,224.0,3.36,336.0
DC001,SKU016,2019-03-18,4,0.0,1,224.0,0.0,224.0,0.0,2,112.0,56.0,F001,224.0,3.36,336.0
DC001,SKU016,2019-03-19,4,67.0,0,224.0,0.0,157.0,0.0,0,0.0,56.0,F001,224.0,3.36,336.0
DC001,SKU016,2019-03-20,9,96.0,0,157.0,0.0,61.0,0.0,0,0.0,56.0,F001,224.0,3.36,336.0
DC001,SKU016,2019-03-21,3,67.0,0,61.0,0.0,0.0,6.0,0,0.0,56.0,F001,224.0,3.36,336.0
DC001,SKU016,2019-03-22,1,89.0,1,0.0,112.0,23.0,0.0,15,840.0,56.0,F001,224.0,3.36,336.0
DC001,SKU016,2019-03-23,3,67.0,0,23.0,840.0,796.0,0.0,0,0.0,56.0,F001,224.0,3.36,336.0
DC001,SKU016,2019-03-24,1,0.0,0,796.0,0.0,796.0,0.0,0,0.0,56.0,F001,224.0,3.36,336.0
DC001,SKU016,2019-03-25,4,67.0,1,796.0,0.0,729.0,0.0,2,112.0,56.0,F001,224.0,3.36,336.0
DC001,SKU016,2019-03-26,5,77.0,0,729.0,0.0,652.0,0.0,0,0.0,56.0,F001,224.0,3.36,336.0
DC001,SKU016,2019-03-27,1,288.0,0,652.0,0.0,364.0,0.0,0,0.0,56.0,F001,224.0,3.36,336.0
DC001,SKU016,2019-03-28,3,336.0,0,364.0,0.0,28.0,0.0,0,0.0,56.0,F001,224.0,3.36,336.0
DC001,SKU016,2019-03-29,4,77.0,1,28.0,112.0,63.0,0.0,0,0.0,56.0,F001,224.0,3.36,336.0
DC001,SKU016,2019-03-30,3,67.0,0,63.0,0.0,0.0,4.0,0,0.0,56.0,F001,224.0,3.36,336.0
DC001,SKU017,2019-01-01,3,0.0,0,36.0,0.0,36.0,0.0,0,0.0,42.0,F001,224.0,3.36,336.0
DC001,SKU017,2019-01-02,3,0.0,0,36.0,0.0,36.0,0.0,0,0.0,42.0,F001,224.0,3.36,336.0
DC001,SKU017,2019-01-03,4,0.0,0,36.0,0.0,36.0,0.0,0,0.0,42.0,F001,224.0,3.36,336.0
DC001,SKU017,2019-01-04,5,0.0,1,36.0,0.0,36.0,0.0,0,0.0,42.0,F001,224.0,3.36,336.0
DC001,SKU017,2019-01-05,1,0.0,0,36.0,0.0,36.0,0.0,0,0.0,42.0,F001,224.0,3.36,336.0
DC001,SKU017,2019-01-06,4,0.0,0,36.0,0.0,36.0,0.0,0,0.0,42.0,F001,224.0,3.36,336.0
DC001,SKU017,2019-01-07,4,10.0,1,36.0,0.0,26.0,0.0,0,0.0,42.0,F001,224.0,3.36,336.0
DC001,SKU017,2019-01-08,2,0.0,0,26.0,0.0,26.0,0.0,0,0.0,42.0,F001,224.0,3.36,336.0
DC001,SKU017,2019-01-09,2,0.0,0,26.0,0.0,26.0,0.0,0,0.0,42.0,F001,224.0,3.36,336.0
DC001,SKU017,2019-01-10,4,6.0,0,26.0,0.0,20.0,0.0,0,0.0,42.0,F001,224.0,3.36,336.0
DC001,SKU017,2019-01-11,5,0.0,1,20.0,0.0,20.0,0.0,0,0.0,42.0,F001,224.0,3.36,336.0
DC001,SKU017,2019-01-12,1,0.0,0,20.0,0.0,20.0,0.0,0,0.0,42.0,F001,224.0,3.36,336.0
DC001,SKU017,2019-01-13,1,0.0,0,20.0,0.0,20.0,0.0,0,0.0,42.0,F001,224.0,3.36,336.0
DC001,SKU017,2019-01-14,2,0.0,1,20.0,0.0,20.0,0.0,0,0.0,42.0,F001,224.0,3.36,336.0
DC001,SKU017,2019-01-15,3,15.0,0,20.0,0.0,5.0,0.0,0,0.0,42.0,F001,224.0,3.36,336.0
DC001,SKU017,2019-01-16,4,0.0,0,5.0,0.0,5.0,0.0,0,0.0,42.0,F001,224.0,3.36,336.0
DC001,SKU017,2019-01-17,1,0.0,0,5.0,0.0,5.0,0.0,0,0.0,42.0,F001,224.0,3.36,336.0
DC001,SKU017,2019-01-18,3,0.0,1,5.0,0.0,5.0,0.0,0,0.0,42.0,F001,224.0,3.36,336.0
DC001,SKU017,2019-01-19,5,0.0,0,5.0,0.0,5.0,0.0,0,0.0,42.0,F001,224.0,3.36,336.0
DC001,SKU017,2019-01-20,1,0.0,0,5.0,0.0,5.0,0.0,0,0.0,42.0,F001,224.0,3.36,336.0
DC001,SKU017,2019-01-21,1,0.0,1,5.0,0.0,5.0,0.0,1,42.0,42.0,F001,224.0,3.36,336.0
DC001,SKU017,2019-01-22,1,0.0,0,5.0,42.0,47.0,0.0,0,0.0,42.0,F001,224.0,3.36,336.0
DC001,SKU017,2019-01-23,5,5.0,0,47.0,0.0,42.0,0.0,0,0.0,42.0,F001,224.0,3.36,336.0
DC001,SKU017,2019-01-24,4,12.0,0,42.0,0.0,30.0,0.0,0,0.0,42.0,F001,224.0,3.36,336.0
DC001,SKU017,2019-01-25,8,0.0,1,30.0,0.0,30.0,0.0,0,0.0,42.0,F001,224.0,3.36,336.0
DC001,SKU017,2019-01-26,4,0.0,0,30.0,0.0,30.0,0.0,0,0.0,42.0,F001,224.0,3.36,336.0
DC001,SKU017,2019-01-27,1,0.0,0,30.0,0.0,30.0,0.0,0,0.0,42.0,F001,224.0,3.36,336.0
DC001,SKU017,2019-01-28,2,0.0,1,30.0,0.0,30.0,0.0,0,0.0,42.0,F001,224.0,3.36,336.0
DC001,SKU017,2019-01-29,3,10.0,0,30.0,0.0,20.0,0.0,0,0.0,42.0,F001,224.0,3.36,336.0
DC001,SKU017,2019-01-30,1,0.0,0,20.0,0.0,20.0,0.0,0,0.0,42.0,F001,224.0,3.36,336.0
DC001,SKU017,2019-01-31,2,0.0,0,20.0,0.0,20.0,0.0,0,0.0,42.0,F001,224.0,3.36,336.0
DC001,SKU017,2019-02-01,5,10.0,1,20.0,0.0,10.0,0.0,0,0.0,42.0,F001,224.0,3.36,336.0
DC001,SKU017,2019-02-02,4,0.0,0,10.0,0.0,10.0,0.0,0,0.0,42.0,F001,224.0,3.36,336.0
DC001,SKU017,2019-02-03,3,0.0,0,10.0,0.0,10.0,0.0,0,0.0,42.0,F001,224.0,3.36,336.0
DC001,SKU017,2019-02-04,1,0.0,1,10.0,0.0,10.0,0.0,0,0.0,42.0,F001,224.0,3.36,336.0
DC001,SKU017,2019-02-05,4,0.0,0,10.0,0.0,10.0,0.0,0,0.0,42.0,F001,224.0,3.36,336.0
DC001,SKU017,2019-02-06,4,0.0,0,10.0,0.0,10.0,0.0,0,0.0,42.0,F001,224.0,3.36,336.0
DC001,SKU017,2019-02-07,3,0.0,0,10.0,0.0,10.0,0.0,0,0.0,42.0,F001,224.0,3.36,336.0
DC001,SKU017,2019-02-08,3,6.0,1,10.0,0.0,4.0,0.0,0,0.0,42.0,F001,224.0,3.36,336.0
DC001,SKU017,2019-02-09,4,0.0,0,4.0,0.0,4.0,0.0,0,0.0,42.0,F001,224.0,3.36,336.0
DC001,SKU017,2019-02-10,5,0.0,0,4.0,0.0,4.0,0.0,0,0.0,42.0,F001,224.0,3.36,336.0
DC001,SKU017,2019-02-11,3,0.0,1,4.0,0.0,4.0,0.0,1,42.0,42.0,F001,224.0,3.36,336.0
DC001,SKU017,2019-02-12,4,10.0,0,4.0,0.0,0.0,6.0,0,0.0,42.0,F001,224.0,3.36,336.0
DC001,SKU017,2019-02-13,4,0.0,0,0.0,0.0,0.0,-0.0,0,0.0,42.0,F001,224.0,3.36,336.0
DC001,SKU017,2019-02-14,2,15.0,0,0.0,42.0,27.0,0.0,0,0.0,42.0,F001,224.0,3.36,336.0
DC001,SKU017,2019-02-15,3,0.0,1,27.0,0.0,27.0,0.0,0,0.0,42.0,F001,224.0,3.36,336.0
DC001,SKU017,2019-02-16,5,0.0,0,27.0,0.0,27.0,0.0,0,0.0,42.0,F001,224.0,3.36,336.0
DC001,SKU017,2019-02-17,6,0.0,0,27.0,0.0,27.0,0.0,0,0.0,42.0,F001,224.0,3.36,336.0
DC001,SKU017,2019-02-18,3,0.0,1,27.0,0.0,27.0,0.0,0,0.0,42.0,F001,224.0,3.36,336.0
DC001,SKU017,2019-02-19,4,0.0,0,27.0,0.0,27.0,0.0,0,0.0,42.0,F001,224.0,3.36,336.0
DC001,SKU017,2019-02-20,2,0.0,0,27.0,0.0,27.0,0.0,0,0.0,42.0,F001,224.0,3.36,336.0
DC001,SKU017,2019-02-21,4,12.0,0,27.0,0.0,15.0,0.0,0,0.0,42.0,F001,224.0,3.36,336.0
DC001,SKU017,2019-02-22,4,11.0,1,15.0,0.0,4.0,0.0,0,0.0,42.0,F001,224.0,3.36,336.0
DC001,SKU017,2019-02-23,2,0.0,0,4.0,0.0,4.0,0.0,0,0.0,42.0,F001,224.0,3.36,336.0
DC001,SKU017,2019-02-24,2,0.0,0,4.0,0.0,4.0,0.0,0,0.0,42.0,F001,224.0,3.36,336.0
DC001,SKU017,2019-02-25,6,0.0,1,4.0,0.0,4.0,0.0,0,0.0,42.0,F001,224.0,3.36,336.0
DC001,SKU017,2019-02-26,2,5.0,0,4.0,0.0,0.0,1.0,0,0.0,42.0,F001,224.0,3.36,336.0
DC001,SKU017,2019-02-27,3,0.0,0,0.0,0.0,0.0,-0.0,0,0.0,42.0,F001,224.0,3.36,336.0
DC001,SKU017,2019-02-28,1,0.0,0,0.0,0.0,0.0,-0.0,0,0.0,42.0,F001,224.0,3.36,336.0
DC001,SKU017,2019-03-01,1,0.0,1,0.0,0.0,0.0,-0.0,0,0.0,42.0,F001,224.0,3.36,336.0
DC001,SKU017,2019-03-02,2,0.0,0,0.0,0.0,0.0,-0.0,0,0.0,42.0,F001,224.0,3.36,336.0
DC001,SKU017,2019-03-03,2,0.0,0,0.0,0.0,0.0,-0.0,0,0.0,42.0,F001,224.0,3.36,336.0
DC001,SKU017,2019-03-04,1,0.0,1,0.0,0.0,0.0,-0.0,1,42.0,42.0,F001,224.0,3.36,336.0
DC001,SKU017,2019-03-05,3,10.0,0,0.0,42.0,32.0,0.0,0,0.0,42.0,F001,224.0,3.36,336.0
DC001,SKU017,2019-03-06,4,16.0,0,32.0,0.0,16.0,0.0,0,0.0,42.0,F001,224.0,3.36,336.0
DC001,SKU017,2019-03-07,3,10.0,0,16.0,0.0,6.0,0.0,0,0.0,42.0,F001,224.0,3.36,336.0
DC001,SKU017,2019-03-08,2,0.0,1,6.0,0.0,6.0,0.0,0,0.0,42.0,F001,224.0,3.36,336.0
DC001,SKU017,2019-03-09,4,0.0,0,6.0,0.0,6.0,0.0,0,0.0,42.0,F001,224.0,3.36,336.0
DC001,SKU017,2019-03-10,1,0.0,0,6.0,0.0,6.0,0.0,0,0.0,42.0,F001,224.0,3.36,336.0
DC001,SKU017,2019-03-11,2,0.0,1,6.0,0.0,6.0,0.0,0,0.0,42.0,F001,224.0,3.36,336.0
DC001,SKU017,2019-03-12,4,0.0,0,6.0,0.0,6.0,0.0,0,0.0,42.0,F001,224.0,3.36,336.0
DC001,SKU017,2019-03-13,2,0.0,0,6.0,0.0,6.0,0.0,0,0.0,42.0,F001,224.0,3.36,336.0
DC001,SKU017,2019-03-14,5,0.0,0,6.0,0.0,6.0,0.0,0,0.0,42.0,F001,224.0,3.36,336.0
DC001,SKU017,2019-03-15,4,12.0,1,6.0,0.0,0.0,6.0,0,0.0,42.0,F001,224.0,3.36,336.0
DC001,SKU017,2019-03-16,6,0.0,0,0.0,0.0,0.0,-0.0,0,0.0,42.0,F001,224.0,3.36,336.0
DC001,SKU017,2019-03-17,5,0.0,0,0.0,0.0,0.0,-0.0,0,0.0,42.0,F001,224.0,3.36,336.0
DC001,SKU017,2019-03-18,2,0.0,1,0.0,0.0,0.0,-0.0,1,42.0,42.0,F001,224.0,3.36,336.0
DC001,SKU017,2019-03-19,1,0.0,0,0.0,0.0,0.0,-0.0,0,0.0,42.0,F001,224.0,3.36,336.0
DC001,SKU017,2019-03-20,3,5.0,0,0.0,42.0,37.0,0.0,0,0.0,42.0,F001,224.0,3.36,336.0
DC001,SKU017,2019-03-21,1,0.0,0,37.0,0.0,37.0,0.0,0,0.0,42.0,F001,224.0,3.36,336.0
DC001,SKU017,2019-03-22,4,10.0,1,37.0,0.0,27.0,0.0,0,0.0,42.0,F001,224.0,3.36,336.0
DC001,SKU017,2019-03-23,3,0.0,0,27.0,0.0,27.0,0.0,0,0.0,42.0,F001,224.0,3.36,336.0
DC001,SKU017,2019-03-24,4,0.0,0,27.0,0.0,27.0,0.0,0,0.0,42.0,F001,224.0,3.36,336.0
DC001,SKU017,2019-03-25,1,0.0,1,27.0,0.0,27.0,0.0,0,0.0,42.0,F001,224.0,3.36,336.0
DC001,SKU017,2019-03-26,4,0.0,0,27.0,0.0,27.0,0.0,0,0.0,42.0,F001,224.0,3.36,336.0
DC001,SKU017,2019-03-27,3,11.0,0,27.0,0.0,16.0,0.0,0,0.0,42.0,F001,224.0,3.36,336.0
DC001,SKU017,2019-03-28,1,15.0,0,16.0,0.0,1.0,0.0,0,0.0,42.0,F001,224.0,3.36,336.0
DC001,SKU017,2019-03-29,2,0.0,1,1.0,0.0,1.0,0.0,0,0.0,42.0,F001,224.0,3.36,336.0
DC001,SKU017,2019-03-30,2,0.0,0,1.0,0.0,1.0,0.0,0,0.0,42.0,F001,224.0,3.36,336.0
DC001,SKU019,2019-01-01,1,166.0,0,12176.0,0.0,12010.0,0.0,0,0.0,42.0,F001,224.0,3.36,336.0
DC001,SKU019,2019-01-02,3,2869.0,0,12010.0,0.0,9141.0,0.0,0,0.0,42.0,F001,224.0,3.36,336.0
DC001,SKU019,2019-01-03,1,2204.0,0,9141.0,0.0,6937.0,0.0,0,0.0,42.0,F001,224.0,3.36,336.0
DC001,SKU019,2019-01-04,6,2847.0,1,6937.0,0.0,4090.0,0.0,78,3276.0,42.0,F001,224.0,3.36,336.0
DC001,SKU019,2019-01-05,6,0.0,0,4090.0,0.0,4090.0,0.0,0,0.0,42.0,F001,224.0,3.36,336.0
DC001,SKU019,2019-01-06,1,0.0,0,4090.0,0.0,4090.0,0.0,0,0.0,42.0,F001,224.0,3.36,336.0
DC001,SKU019,2019-01-07,1,2203.0,1,4090.0,0.0,1887.0,0.0,39,1638.0,42.0,F001,224.0,3.36,336.0
DC001,SKU019,2019-01-08,2,2287.0,0,1887.0,1638.0,1238.0,0.0,0,0.0,42.0,F001,224.0,3.36,336.0
DC001,SKU019,2019-01-09,4,1206.0,0,1238.0,0.0,32.0,0.0,0,0.0,42.0,F001,224.0,3.36,336.0
DC001,SKU019,2019-01-10,3,1372.0,0,32.0,3276.0,1936.0,0.0,0,0.0,42.0,F001,224.0,3.36,336.0
DC001,SKU019,2019-01-11,3,1913.0,1,1936.0,0.0,23.0,0.0,108,4536.0,42.0,F001,224.0,3.36,336.0
DC001,SKU019,2019-01-12,3,0.0,0,23.0,0.0,23.0,0.0,0,0.0,42.0,F001,224.0,3.36,336.0
DC001,SKU019,2019-01-13,2,0.0,0,23.0,0.0,23.0,0.0,0,0.0,42.0,F001,224.0,3.36,336.0
DC001,SKU019,2019-01-14,2,1871.0,1,23.0,4536.0,2688.0,0.0,164,6888.0,42.0,F001,224.0,3.36,336.0
DC001,SKU019,2019-01-15,1,2670.0,0,2688.0,0.0,18.0,0.0,0,0.0,42.0,F001,224.0,3.36,336.0
DC001,SKU019,2019-01-16,4,1705.0,0,18.0,6888.0,5201.0,0.0,0,0.0,42.0,F001,224.0,3.36,336.0
DC001,SKU019,2019-01-17,6,1580.0,0,5201.0,0.0,3621.0,0.0,0,0.0,42.0,F001,224.0,3.36,336.0
DC001,SKU019,2019-01-18,4,1296.0,1,3621.0,0.0,2325.0,0.0,81,3402.0,42.0,F001,224.0,3.36,336.0
DC001,SKU019,2019-01-19,6,0.0,0,2325.0,0.0,2325.0,0.0,0,0.0,42.0,F001,224.0,3.36,336.0
DC001,SKU019,2019-01-20,3,0.0,0,2325.0,0.0,2325.0,0.0,0,0.0,42.0,F001,224.0,3.36,336.0
DC001,SKU019,2019-01-21,3,2287.0,1,2325.0,0.0,38.0,0.0,79,3318.0,42.0,F001,224.0,3.36,336.0
DC001,SKU019,2019-01-22,2,1580.0,0,38.0,3402.0,1860.0,0.0,0,0.0,42.0,F001,224.0,3.36,336.0
DC001,SKU019,2019-01-23,1,1830.0,0,1860.0,0.0,30.0,0.0,0,0.0,42.0,F001,224.0,3.36,336.0
DC001,SKU019,2019-01-24,1,1622.0,0,30.0,3318.0,1726.0,0.0,0,0.0,42.0,F001,224.0,3.36,336.0
DC001,SKU019,2019-01-25,3,1663.0,1,1726.0,0.0,63.0,0.0,224,9408.0,42.0,F001,224.0,3.36,336.0
DC001,SKU019,2019-01-26,3,42.0,0,63.0,0.0,21.0,0.0,0,0.0,42.0,F001,224.0,3.36,336.0
DC001,SKU019,2019-01-27,6,0.0,0,21.0,0.0,21.0,0.0,0,0.0,42.0,F001,224.0,3.36,336.0
DC001,SKU019,2019-01-28,4,2037.0,1,21.0,9408.0,7392.0,0.0,69,2898.0,42.0,F001,224.0,3.36,336.0
DC001,SKU019,2019-01-29,4,2287.0,0,7392.0,0.0,5105.0,0.0,0,0.0,42.0,F001,224.0,3.36,336.0
DC001,SKU019,2019-01-30,4,1830.0,0,5105.0,0.0,3275.0,0.0,0,0.0,42.0,F001,224.0,3.36,336.0
DC001,SKU019,2019-01-31,3,3243.0,0,3275.0,0.0,32.0,0.0,0,0.0,42.0,F001,224.0,3.36,336.0
DC001,SKU019,2019-02-01,2,2622.0,1,32.0,2898.0,308.0,0.0,0,0.0,42.0,F001,224.0,3.36,336.0
DC001,SKU019,2019-02-02,4,291.0,0,308.0,0.0,17.0,0.0,0,0.0,42.0,F001,224.0,3.36,336.0
DC001,SKU019,2019-02-03,6,0.0,0,17.0,0.0,17.0,0.0,0,0.0,42.0,F001,224.0,3.36,336.0
DC001,SKU019,2019-02-04,3,0.0,1,17.0,0.0,17.0,0.0,123,5166.0,42.0,F001,224.0,3.36,336.0
DC001,SKU019,2019-02-05,4,0.0,0,17.0,0.0,17.0,0.0,0,0.0,42.0,F001,224.0,3.36,336.0
DC001,SKU019,2019-02-06,3,0.0,0,17.0,0.0,17.0,0.0,0,0.0,42.0,F001,224.0,3.36,336.0
DC001,SKU019,2019-02-07,6,3202.0,0,17.0,5166.0,1981.0,0.0,0,0.0,42.0,F001,224.0,3.36,336.0
DC001,SKU019,2019-02-08,3,1954.0,1,1981.0,0.0,27.0,0.0,99,4158.0,42.0,F001,224.0,3.36,336.0
DC001,SKU019,2019-02-09,3,0.0,0,27.0,0.0,27.0,0.0,0,0.0,42.0,F001,224.0,3.36,336.0
DC001,SKU019,2019-02-10,5,0.0,0,27.0,0.0,27.0,0.0,0,0.0,42.0,F001,224.0,3.36,336.0
DC001,SKU019,2019-02-11,2,2327.0,1,27.0,4158.0,1858.0,0.0,91,3822.0,42.0,F001,224.0,3.36,336.0
DC001,SKU019,2019-02-12,1,1830.0,0,1858.0,0.0,28.0,0.0,0,0.0,42.0,F001,224.0,3.36,336.0
DC001,SKU019,2019-02-13,4,1497.0,0,28.0,3822.0,2353.0,0.0,0,0.0,42.0,F001,224.0,3.36,336.0
DC001,SKU019,2019-02-14,3,1568.0,0,2353.0,0.0,785.0,0.0,0,0.0,42.0,F001,224.0,3.36,336.0
DC001,SKU019,2019-02-15,2,748.0,1,785.0,0.0,37.0,0.0,246,10332.0,42.0,F001,224.0,3.36,336.0
DC001,SKU019,2019-02-16,1,0.0,0,37.0,0.0,37.0,0.0,0,0.0,42.0,F001,224.0,3.36,336.0
DC001,SKU019,2019-02-17,2,0.0,0,37.0,10332.0,10369.0,0.0,0,0.0,42.0,F001,224.0,3.36,336.0
DC001,SKU019,2019-02-18,5,2121.0,1,10369.0,0.0,8248.0,0.0,44,1848.0,42.0,F001,224.0,3.36,336.0
DC001,SKU019,2019-02-19,3,1996.0,0,8248.0,0.0,6252.0,0.0,0,0.0,42.0,F001,224.0,3.36,336.0
DC001,SKU019,2019-02-20,4,2495.0,0,6252.0,0.0,3757.0,0.0,0,0.0,42.0,F001,224.0,3.36,336.0
DC001,SKU019,2019-02-21,2,2001.0,0,3757.0,0.0,1756.0,0.0,0,0.0,42.0,F001,224.0,3.36,336.0
DC001,SKU019,2019-02-22,7,1746.0,1,1756.0,0.0,10.0,0.0,100,4200.0,42.0,F001,224.0,3.36,336.0
DC001,SKU019,2019-02-23,4,0.0,0,10.0,1848.0,1858.0,0.0,0,0.0,42.0,F001,224.0,3.36,336.0
DC001,SKU019,2019-02-24,1,0.0,0,1858.0,0.0,1858.0,0.0,0,0.0,42.0,F001,224.0,3.36,336.0
DC001,SKU019,2019-02-25,1,1830.0,1,1858.0,0.0,28.0,0.0,159,6678.0,42.0,F001,224.0,3.36,336.0
DC001,SKU019,2019-02-26,5,2744.0,0,28.0,6678.0,3962.0,0.0,0,0.0,42.0,F001,224.0,3.36,336.0
DC001,SKU019,2019-02-27,3,2204.0,0,3962.0,0.0,1758.0,0.0,0,0.0,42.0,F001,224.0,3.36,336.0
DC001,SKU019,2019-02-28,3,1746.0,0,1758.0,0.0,12.0,0.0,0,0.0,42.0,F001,224.0,3.36,336.0
DC001,SKU019,2019-03-01,8,582.0,1,12.0,4200.0,3630.0,0.0,47,1974.0,42.0,F001,224.0,3.36,336.0
DC001,SKU019,2019-03-02,2,249.0,0,3630.0,0.0,3381.0,0.0,0,0.0,42.0,F001,224.0,3.36,336.0
DC001,SKU019,2019-03-03,3,0.0,0,3381.0,0.0,3381.0,0.0,0,0.0,42.0,F001,224.0,3.36,336.0
DC001,SKU019,2019-03-04,1,3380.0,1,3381.0,0.0,1.0,0.0,248,10416.0,42.0,F001,224.0,3.36,336.0
DC001,SKU019,2019-03-05,1,2703.0,0,1.0,10416.0,7714.0,0.0,0,0.0,42.0,F001,224.0,3.36,336.0
DC001,SKU019,2019-03-06,4,2911.0,0,7714.0,0.0,4803.0,0.0,0,0.0,42.0,F001,224.0,3.36,336.0
DC001,SKU019,2019-03-07,2,1745.0,0,4803.0,0.0,3058.0,0.0,0,0.0,42.0,F001,224.0,3.36,336.0
DC001,SKU019,2019-03-08,4,3035.0,1,3058.0,0.0,23.0,0.0,265,11130.0,42.0,F001,224.0,3.36,336.0
DC001,SKU019,2019-03-09,2,42.0,0,23.0,1974.0,1955.0,0.0,0,0.0,42.0,F001,224.0,3.36,336.0
DC001,SKU019,2019-03-10,2,0.0,0,1955.0,0.0,1955.0,0.0,0,0.0,42.0,F001,224.0,3.36,336.0
DC001,SKU019,2019-03-11,5,1954.0,1,1955.0,0.0,1.0,0.0,0,0.0,42.0,F001,224.0,3.36,336.0
DC001,SKU019,2019-03-12,2,1954.0,0,1.0,11130.0,9177.0,0.0,0,0.0,42.0,F001,224.0,3.36,336.0
DC001,SKU019,2019-03-13,1,4283.0,0,9177.0,0.0,4894.0,0.0,0,0.0,42.0,F001,224.0,3.36,336.0
DC001,SKU019,2019-03-14,4,2037.0,0,4894.0,0.0,2857.0,0.0,0,0.0,42.0,F001,224.0,3.36,336.0
DC001,SKU019,2019-03-15,1,2827.0,1,2857.0,0.0,30.0,0.0,124,5208.0,42.0,F001,224.0,3.36,336.0
DC001,SKU019,2019-03-16,4,83.0,0,30.0,5208.0,5155.0,0.0,0,0.0,42.0,F001,224.0,3.36,336.0
DC001,SKU019,2019-03-17,3,0.0,0,5155.0,0.0,5155.0,0.0,0,0.0,42.0,F001,224.0,3.36,336.0
DC001,SKU019,2019-03-18,3,1497.0,1,5155.0,0.0,3658.0,0.0,76,3192.0,42.0,F001,224.0,3.36,336.0
DC001,SKU019,2019-03-19,5,2183.0,0,3658.0,0.0,1475.0,0.0,0,0.0,42.0,F001,224.0,3.36,336.0
DC001,SKU019,2019-03-20,3,1475.0,0,1475.0,0.0,0.0,-0.0,0,0.0,42.0,F001,224.0,3.36,336.0
DC001,SKU019,2019-03-21,5,1206.0,0,0.0,3192.0,1986.0,0.0,0,0.0,42.0,F001,224.0,3.36,336.0
DC001,SKU019,2019-03-22,2,1964.0,1,1986.0,0.0,22.0,0.0,370,15540.0,42.0,F001,224.0,3.36,336.0
DC001,SKU019,2019-03-23,3,0.0,0,22.0,0.0,22.0,0.0,0,0.0,42.0,F001,224.0,3.36,336.0
DC001,SKU019,2019-03-24,4,0.0,0,22.0,15540.0,15562.0,0.0,0,0.0,42.0,F001,224.0,3.36,336.0
DC001,SKU019,2019-03-25,6,1871.0,1,15562.0,0.0,13691.0,0.0,0,0.0,42.0,F001,224.0,3.36,336.0
DC001,SKU019,2019-03-26,4,3118.0,0,13691.0,0.0,10573.0,0.0,0,0.0,42.0,F001,224.0,3.36,336.0
DC001,SKU019,2019-03-27,3,3600.0,0,10573.0,0.0,6973.0,0.0,0,0.0,42.0,F001,224.0,3.36,336.0
DC001,SKU019,2019-03-28,1,4699.0,0,6973.0,0.0,2274.0,0.0,0,0.0,42.0,F001,224.0,3.36,336.0
DC001,SKU019,2019-03-29,1,2245.0,1,2274.0,0.0,29.0,0.0,19,798.0,42.0,F001,224.0,3.36,336.0
DC001,SKU019,2019-03-30,4,832.0,0,29.0,798.0,0.0,5.0,0,0.0,42.0,F001,224.0,3.36,336.0
DC001,SKU022,2019-01-01,5,72.0,0,9102.0,0.0,9030.0,0.0,0,0.0,36.0,F001,224.0,3.36,336.0
DC001,SKU022,2019-01-02,5,3336.0,0,9030.0,0.0,5694.0,0.0,0,0.0,36.0,F001,224.0,3.36,336.0
DC001,SKU022,2019-01-03,2,2088.0,0,5694.0,0.0,3606.0,0.0,0,0.0,36.0,F001,224.0,3.36,336.0
DC001,SKU022,2019-01-04,4,2664.0,1,3606.0,0.0,942.0,0.0,122,4392.0,36.0,F001,224.0,3.36,336.0
DC001,SKU022,2019-01-05,3,0.0,0,942.0,0.0,942.0,0.0,0,0.0,36.0,F001,224.0,3.36,336.0
DC001,SKU022,2019-01-06,6,0.0,0,942.0,0.0,942.0,0.0,0,0.0,36.0,F001,224.0,3.36,336.0
DC001,SKU022,2019-01-07,4,2040.0,1,942.0,0.0,0.0,1098.0,56,2016.0,36.0,F001,224.0,3.36,336.0
DC001,SKU022,2019-01-08,2,1608.0,0,0.0,4392.0,2784.0,0.0,0,0.0,36.0,F001,224.0,3.36,336.0
DC001,SKU022,2019-01-09,3,1416.0,0,2784.0,0.0,1368.0,0.0,0,0.0,36.0,F001,224.0,3.36,336.0
DC001,SKU022,2019-01-10,4,1368.0,0,1368.0,0.0,0.0,-0.0,0,0.0,36.0,F001,224.0,3.36,336.0
DC001,SKU022,2019-01-11,1,1992.0,1,0.0,2016.0,24.0,0.0,49,1764.0,36.0,F001,224.0,3.36,336.0
DC001,SKU022,2019-01-12,7,0.0,0,24.0,1764.0,1788.0,0.0,0,0.0,36.0,F001,224.0,3.36,336.0
DC001,SKU022,2019-01-13,4,0.0,0,1788.0,0.0,1788.0,0.0,0,0.0,36.0,F001,224.0,3.36,336.0
DC001,SKU022,2019-01-14,1,1782.0,1,1788.0,0.0,6.0,0.0,314,11304.0,36.0,F001,224.0,3.36,336.0
DC001,SKU022,2019-01-15,3,1824.0,0,6.0,11304.0,9486.0,0.0,0,0.0,36.0,F001,224.0,3.36,336.0
DC001,SKU022,2019-01-16,4,1760.0,0,9486.0,0.0,7726.0,0.0,0,0.0,36.0,F001,224.0,3.36,336.0
DC001,SKU022,2019-01-17,6,1584.0,0,7726.0,0.0,6142.0,0.0,0,0.0,36.0,F001,224.0,3.36,336.0
DC001,SKU022,2019-01-18,5,1776.0,1,6142.0,0.0,4366.0,0.0,42,1512.0,36.0,F001,224.0,3.36,336.0
DC001,SKU022,2019-01-19,2,0.0,0,4366.0,0.0,4366.0,0.0,0,0.0,36.0,F001,224.0,3.36,336.0
DC001,SKU022,2019-01-20,2,0.0,0,4366.0,0.0,4366.0,0.0,0,0.0,36.0,F001,224.0,3.36,336.0
DC001,SKU022,2019-01-21,3,2424.0,1,4366.0,0.0,1942.0,0.0,111,3996.0,36.0,F001,224.0,3.36,336.0
DC001,SKU022,2019-01-22,2,1944.0,0,1942.0,0.0,0.0,2.0,0,0.0,36.0,F001,224.0,3.36,336.0
DC001,SKU022,2019-01-23,3,1480.0,0,0.0,1512.0,32.0,0.0,0,0.0,36.0,F001,224.0,3.36,336.0
DC001,SKU022,2019-01-24,1,1608.0,0,32.0,3996.0,2420.0,0.0,0,0.0,36.0,F001,224.0,3.36,336.0
DC001,SKU022,2019-01-25,3,2400.0,1,2420.0,0.0,20.0,0.0,50,1800.0,36.0,F001,224.0,3.36,336.0
DC001,SKU022,2019-01-26,6,0.0,0,20.0,0.0,20.0,0.0,0,0.0,36.0,F001,224.0,3.36,336.0
DC001,SKU022,2019-01-27,2,0.0,0,20.0,0.0,20.0,0.0,0,0.0,36.0,F001,224.0,3.36,336.0
DC001,SKU022,2019-01-28,1,1800.0,1,20.0,1800.0,20.0,0.0,350,12600.0,36.0,F001,224.0,3.36,336.0
DC001,SKU022,2019-01-29,2,2064.0,0,20.0,12600.0,10556.0,0.0,0,0.0,36.0,F001,224.0,3.36,336.0
DC001,SKU022,2019-01-30,4,3110.0,0,10556.0,0.0,7446.0,0.0,0,0.0,36.0,F001,224.0,3.36,336.0
DC001,SKU022,2019-01-31,2,3630.0,0,7446.0,0.0,3816.0,0.0,0,0.0,36.0,F001,224.0,3.36,336.0
DC001,SKU022,2019-02-01,4,3032.0,1,3816.0,0.0,784.0,0.0,117,4212.0,36.0,F001,224.0,3.36,336.0
DC001,SKU022,2019-02-02,2,792.0,0,784.0,0.0,0.0,8.0,0,0.0,36.0,F001,224.0,3.36,336.0
DC001,SKU022,2019-02-03,1,0.0,0,0.0,0.0,0.0,-0.0,0,0.0,36.0,F001,224.0,3.36,336.0
DC001,SKU022,2019-02-04,6,0.0,1,0.0,0.0,0.0,-0.0,0,0.0,36.0,F001,224.0,3.36,336.0
DC001,SKU022,2019-02-05,1,0.0,0,0.0,4212.0,4212.0,0.0,0,0.0,36.0,F001,224.0,3.36,336.0
DC001,SKU022,2019-02-06,2,0.0,0,4212.0,0.0,4212.0,0.0,0,0.0,36.0,F001,224.0,3.36,336.0
DC001,SKU022,2019-02-07,1,2088.0,0,4212.0,0.0,2124.0,0.0,0,0.0,36.0,F001,224.0,3.36,336.0
DC001,SKU022,2019-02-08,3,2112.0,1,2124.0,0.0,12.0,0.0,107,3852.0,36.0,F001,224.0,3.36,336.0
DC001,SKU022,2019-02-09,3,0.0,0,12.0,0.0,12.0,0.0,0,0.0,36.0,F001,224.0,3.36,336.0
DC001,SKU022,2019-02-10,2,0.0,0,12.0,0.0,12.0,0.0,0,0.0,36.0,F001,224.0,3.36,336.0
DC001,SKU022,2019-02-11,2,1896.0,1,12.0,3852.0,1968.0,0.0,140,5040.0,36.0,F001,224.0,3.36,336.0
DC001,SKU022,2019-02-12,2,1944.0,0,1968.0,0.0,24.0,0.0,0,0.0,36.0,F001,224.0,3.36,336.0
DC001,SKU022,2019-02-13,3,312.0,0,24.0,5040.0,4752.0,0.0,0,0.0,36.0,F001,224.0,3.36,336.0
DC001,SKU022,2019-02-14,1,2664.0,0,4752.0,0.0,2088.0,0.0,0,0.0,36.0,F001,224.0,3.36,336.0
DC001,SKU022,2019-02-15,2,2064.0,1,2088.0,0.0,24.0,0.0,187,6732.0,36.0,F001,224.0,3.36,336.0
DC001,SKU022,2019-02-16,2,0.0,0,24.0,0.0,24.0,0.0,0,0.0,36.0,F001,224.0,3.36,336.0
DC001,SKU022,2019-02-17,4,0.0,0,24.0,6732.0,6756.0,0.0,0,0.0,36.0,F001,224.0,3.36,336.0
DC001,SKU022,2019-02-18,4,1440.0,1,6756.0,0.0,5316.0,0.0,52,1872.0,36.0,F001,224.0,3.36,336.0
DC001,SKU022,2019-02-19,3,1800.0,0,5316.0,0.0,3516.0,0.0,0,0.0,36.0,F001,224.0,3.36,336.0
DC001,SKU022,2019-02-20,4,1464.0,0,3516.0,0.0,2052.0,0.0,0,0.0,36.0,F001,224.0,3.36,336.0
DC001,SKU022,2019-02-21,1,2032.0,0,2052.0,0.0,20.0,0.0,0,0.0,36.0,F001,224.0,3.36,336.0
DC001,SKU022,2019-02-22,1,1844.0,1,20.0,1872.0,48.0,0.0,194,6984.0,36.0,F001,224.0,3.36,336.0
DC001,SKU022,2019-02-23,6,0.0,0,48.0,6984.0,7032.0,0.0,0,0.0,36.0,F001,224.0,3.36,336.0
DC001,SKU022,2019-02-24,1,0.0,0,7032.0,0.0,7032.0,0.0,0,0.0,36.0,F001,224.0,3.36,336.0
DC001,SKU022,2019-02-25,3,2228.0,1,7032.0,0.0,4804.0,0.0,54,1944.0,36.0,F001,224.0,3.36,336.0
DC001,SKU022,2019-02-26,2,2186.0,0,4804.0,0.0,2618.0,0.0,0,0.0,36.0,F001,224.0,3.36,336.0
DC001,SKU022,2019-02-27,1,2622.0,0,2618.0,0.0,0.0,4.0,0,0.0,36.0,F001,224.0,3.36,336.0
DC001,SKU022,2019-02-28,3,1418.0,0,0.0,1944.0,526.0,0.0,0,0.0,36.0,F001,224.0,3.36,336.0
DC001,SKU022,2019-03-01,1,504.0,1,526.0,0.0,22.0,0.0,342,12312.0,36.0,F001,224.0,3.36,336.0
DC001,SKU022,2019-03-02,4,0.0,0,22.0,12312.0,12334.0,0.0,0,0.0,36.0,F001,224.0,3.36,336.0
DC001,SKU022,2019-03-03,2,0.0,0,12334.0,0.0,12334.0,0.0,0,0.0,36.0,F001,224.0,3.36,336.0
DC001,SKU022,2019-03-04,5,3318.0,1,12334.0,0.0,9016.0,0.0,59,2124.0,36.0,F001,224.0,3.36,336.0
DC001,SKU022,2019-03-05,4,2976.0,0,9016.0,0.0,6040.0,0.0,0,0.0,36.0,F001,224.0,3.36,336.0
DC001,SKU022,2019-03-06,3,1848.0,0,6040.0,0.0,4192.0,0.0,0,0.0,36.0,F001,224.0,3.36,336.0
DC001,SKU022,2019-03-07,4,1916.0,0,4192.0,0.0,2276.0,0.0,0,0.0,36.0,F001,224.0,3.36,336.0
DC001,SKU022,2019-03-08,4,2256.0,1,2276.0,0.0,20.0,0.0,262,9432.0,36.0,F001,224.0,3.36,336.0
DC001,SKU022,2019-03-09,3,0.0,0,20.0,2124.0,2144.0,0.0,0,0.0,36.0,F001,224.0,3.36,336.0
DC001,SKU022,2019-03-10,3,0.0,0,2144.0,0.0,2144.0,0.0,0,0.0,36.0,F001,224.0,3.36,336.0
DC001,SKU022,2019-03-11,4,2136.0,1,2144.0,0.0,8.0,0.0,87,3132.0,36.0,F001,224.0,3.36,336.0
DC001,SKU022,2019-03-12,7,1848.0,0,8.0,9432.0,7592.0,0.0,0,0.0,36.0,F001,224.0,3.36,336.0
DC001,SKU022,2019-03-13,4,5744.0,0,7592.0,0.0,1848.0,0.0,0,0.0,36.0,F001,224.0,3.36,336.0
DC001,SKU022,2019-03-14,2,1848.0,0,1848.0,0.0,0.0,-0.0,0,0.0,36.0,F001,224.0,3.36,336.0
DC001,SKU022,2019-03-15,1,3120.0,1,0.0,3132.0,12.0,0.0,43,1548.0,36.0,F001,224.0,3.36,336.0
DC001,SKU022,2019-03-16,3,0.0,0,12.0,1548.0,1560.0,0.0,0,0.0,36.0,F001,224.0,3.36,336.0
DC001,SKU022,2019-03-17,4,0.0,0,1560.0,0.0,1560.0,0.0,0,0.0,36.0,F001,224.0,3.36,336.0
DC001,SKU022,2019-03-18,1,1536.0,1,1560.0,0.0,24.0,0.0,258,9288.0,36.0,F001,224.0,3.36,336.0
DC001,SKU022,2019-03-19,3,1968.0,0,24.0,9288.0,7344.0,0.0,0,0.0,36.0,F001,224.0,3.36,336.0
DC001,SKU022,2019-03-20,6,1490.0,0,7344.0,0.0,5854.0,0.0,0,0.0,36.0,F001,224.0,3.36,336.0
DC001,SKU022,2019-03-21,5,1728.0,0,5854.0,0.0,4126.0,0.0,0,0.0,36.0,F001,224.0,3.36,336.0
DC001,SKU022,2019-03-22,4,2334.0,1,4126.0,0.0,1792.0,0.0,195,7020.0,36.0,F001,224.0,3.36,336.0
DC001,SKU022,2019-03-23,5,0.0,0,1792.0,0.0,1792.0,0.0,0,0.0,36.0,F001,224.0,3.36,336.0
DC001,SKU022,2019-03-24,5,0.0,0,1792.0,0.0,1792.0,0.0,0,0.0,36.0,F001,224.0,3.36,336.0
DC001,SKU022,2019-03-25,3,1776.0,1,1792.0,0.0,16.0,0.0,270,9720.0,36.0,F001,224.0,3.36,336.0
DC001,SKU022,2019-03-26,5,3192.0,0,16.0,7020.0,3844.0,0.0,0,0.0,36.0,F001,224.0,3.36,336.0
DC001,SKU022,2019-03-27,5,3832.0,0,3844.0,0.0,12.0,0.0,0,0.0,36.0,F001,224.0,3.36,336.0
DC001,SKU022,2019-03-28,5,5040.0,0,12.0,9720.0,4692.0,0.0,0,0.0,36.0,F001,224.0,3.36,336.0
DC001,SKU022,2019-03-29,3,3408.0,1,4692.0,0.0,1284.0,0.0,0,0.0,36.0,F001,224.0,3.36,336.0
DC001,SKU022,2019-03-30,3,1296.0,0,1284.0,0.0,0.0,12.0,0,0.0,36.0,F001,224.0,3.36,336.0
DC001,SKU023,2019-01-01,1,288.0,0,35989.0,0.0,35701.0,0.0,0,0.0,36.0,F001,224.0,3.36,336.0
DC001,SKU023,2019-01-02,2,10080.0,0,35701.0,0.0,25621.0,0.0,0,0.0,36.0,F001,224.0,3.36,336.0
DC001,SKU023,2019-01-03,2,6660.0,0,25621.0,0.0,18961.0,0.0,0,0.0,36.0,F001,224.0,3.36,336.0
DC001,SKU023,2019-01-04,3,6991.0,1,18961.0,0.0,11970.0,0.0,437,15732.0,36.0,F001,224.0,3.36,336.0
DC001,SKU023,2019-01-05,6,0.0,0,11970.0,0.0,11970.0,0.0,0,0.0,36.0,F001,224.0,3.36,336.0
DC001,SKU023,2019-01-06,2,0.0,0,11970.0,0.0,11970.0,0.0,0,0.0,36.0,F001,224.0,3.36,336.0
DC001,SKU023,2019-01-07,5,7292.0,1,11970.0,15732.0,20410.0,0.0,0,0.0,36.0,F001,224.0,3.36,336.0
DC001,SKU023,2019-01-08,3,5358.0,0,20410.0,0.0,15052.0,0.0,0,0.0,36.0,F001,224.0,3.36,336.0
DC001,SKU023,2019-01-09,5,6624.0,0,15052.0,0.0,8428.0,0.0,0,0.0,36.0,F001,224.0,3.36,336.0
DC001,SKU023,2019-01-10,1,2916.0,0,8428.0,0.0,5512.0,0.0,0,0.0,36.0,F001,224.0,3.36,336.0
DC001,SKU023,2019-01-11,3,5508.0,1,5512.0,0.0,4.0,0.0,738,26568.0,36.0,F001,224.0,3.36,336.0
DC001,SKU023,2019-01-12,3,0.0,0,4.0,0.0,4.0,0.0,0,0.0,36.0,F001,224.0,3.36,336.0
DC001,SKU023,2019-01-13,2,0.0,0,4.0,0.0,4.0,0.0,0,0.0,36.0,F001,224.0,3.36,336.0
DC001,SKU023,2019-01-14,5,5541.0,1,4.0,26568.0,21031.0,0.0,0,0.0,36.0,F001,224.0,3.36,336.0
DC001,SKU023,2019-01-15,1,4608.0,0,21031.0,0.0,16423.0,0.0,0,0.0,36.0,F001,224.0,3.36,336.0
DC001,SKU023,2019-01-16,3,5703.0,0,16423.0,0.0,10720.0,0.0,0,0.0,36.0,F001,224.0,3.36,336.0
DC001,SKU023,2019-01-17,3,4644.0,0,10720.0,0.0,6076.0,0.0,0,0.0,36.0,F001,224.0,3.36,336.0
DC001,SKU023,2019-01-18,3,6048.0,1,6076.0,0.0,28.0,0.0,259,9324.0,36.0,F001,224.0,3.36,336.0
DC001,SKU023,2019-01-19,1,0.0,0,28.0,0.0,28.0,0.0,0,0.0,36.0,F001,224.0,3.36,336.0
DC001,SKU023,2019-01-20,3,0.0,0,28.0,0.0,28.0,0.0,0,0.0,36.0,F001,224.0,3.36,336.0
DC001,SKU023,2019-01-21,2,4944.0,1,28.0,9324.0,4408.0,0.0,806,29016.0,36.0,F001,224.0,3.36,336.0
DC001,SKU023,2019-01-22,1,4392.0,0,4408.0,0.0,16.0,0.0,0,0.0,36.0,F001,224.0,3.36,336.0
DC001,SKU023,2019-01-23,4,5220.0,0,16.0,29016.0,23812.0,0.0,0,0.0,36.0,F001,224.0,3.36,336.0
DC001,SKU023,2019-01-24,2,5328.0,0,23812.0,0.0,18484.0,0.0,0,0.0,36.0,F001,224.0,3.36,336.0
DC001,SKU023,2019-01-25,5,6192.0,1,18484.0,0.0,12292.0,0.0,207,7452.0,36.0,F001,224.0,3.36,336.0
DC001,SKU023,2019-01-26,4,108.0,0,12292.0,0.0,12184.0,0.0,0,0.0,36.0,F001,224.0,3.36,336.0
DC001,SKU023,2019-01-27,4,0.0,0,12184.0,0.0,12184.0,0.0,0,0.0,36.0,F001,224.0,3.36,336.0
DC001,SKU023,2019-01-28,3,5904.0,1,12184.0,0.0,6280.0,0.0,540,19440.0,36.0,F001,224.0,3.36,336.0
DC001,SKU023,2019-01-29,1,6264.0,0,6280.0,0.0,16.0,0.0,0,0.0,36.0,F001,224.0,3.36,336.0
DC001,SKU023,2019-01-30,4,7452.0,0,16.0,7452.0,16.0,0.0,0,0.0,36.0,F001,224.0,3.36,336.0
DC001,SKU023,2019-01-31,3,9483.0,0,16.0,19440.0,9973.0,0.0,0,0.0,36.0,F001,224.0,3.36,336.0
DC001,SKU023,2019-02-01,2,8064.0,1,9973.0,0.0,1909.0,0.0,0,0.0,36.0,F001,224.0,3.36,336.0
DC001,SKU023,2019-02-02,5,1908.0,0,1909.0,0.0,1.0,0.0,0,0.0,36.0,F001,224.0,3.36,336.0
DC001,SKU023,2019-02-03,2,0.0,0,1.0,0.0,1.0,0.0,0,0.0,36.0,F001,224.0,3.36,336.0
DC001,SKU023,2019-02-04,3,0.0,1,1.0,0.0,1.0,0.0,412,14832.0,36.0,F001,224.0,3.36,336.0
DC001,SKU023,2019-02-05,4,0.0,0,1.0,0.0,1.0,0.0,0,0.0,36.0,F001,224.0,3.36,336.0
DC001,SKU023,2019-02-06,3,0.0,0,1.0,0.0,1.0,0.0,0,0.0,36.0,F001,224.0,3.36,336.0
DC001,SKU023,2019-02-07,4,8244.0,0,1.0,14832.0,6589.0,0.0,0,0.0,36.0,F001,224.0,3.36,336.0
DC001,SKU023,2019-02-08,3,6588.0,1,6589.0,0.0,1.0,0.0,161,5796.0,36.0,F001,224.0,3.36,336.0
DC001,SKU023,2019-02-09,5,0.0,0,1.0,0.0,1.0,0.0,0,0.0,36.0,F001,224.0,3.36,336.0
DC001,SKU023,2019-02-10,4,0.0,0,1.0,0.0,1.0,0.0,0,0.0,36.0,F001,224.0,3.36,336.0
DC001,SKU023,2019-02-11,1,5786.0,1,1.0,5796.0,11.0,0.0,678,24408.0,36.0,F001,224.0,3.36,336.0
DC001,SKU023,2019-02-12,2,5220.0,0,11.0,24408.0,19199.0,0.0,0,0.0,36.0,F001,224.0,3.36,336.0
DC001,SKU023,2019-02-13,3,4320.0,0,19199.0,0.0,14879.0,0.0,0,0.0,36.0,F001,224.0,3.36,336.0
DC001,SKU023,2019-02-14,6,4608.0,0,14879.0,0.0,10271.0,0.0,0,0.0,36.0,F001,224.0,3.36,336.0
DC001,SKU023,2019-02-15,4,4896.0,1,10271.0,0.0,5375.0,0.0,540,19440.0,36.0,F001,224.0,3.36,336.0
DC001,SKU023,2019-02-16,5,0.0,0,5375.0,0.0,5375.0,0.0,0,0.0,36.0,F001,224.0,3.36,336.0
DC001,SKU023,2019-02-17,3,0.0,0,5375.0,0.0,5375.0,0.0,0,0.0,36.0,F001,224.0,3.36,336.0
DC001,SKU023,2019-02-18,5,5380.0,1,5375.0,0.0,0.0,5.0,0,0.0,36.0,F001,224.0,3.36,336.0
DC001,SKU023,2019-02-19,2,4500.0,0,0.0,19440.0,14940.0,0.0,0,0.0,36.0,F001,224.0,3.36,336.0
DC001,SKU023,2019-02-20,4,4068.0,0,14940.0,0.0,10872.0,0.0,0,0.0,36.0,F001,224.0,3.36,336.0
DC001,SKU023,2019-02-21,2,5688.0,0,10872.0,0.0,5184.0,0.0,0,0.0,36.0,F001,224.0,3.36,336.0
DC001,SKU023,2019-02-22,1,5181.0,1,5184.0,0.0,3.0,0.0,720,25920.0,36.0,F001,224.0,3.36,336.0
DC001,SKU023,2019-02-23,3,0.0,0,3.0,25920.0,25923.0,0.0,0,0.0,36.0,F001,224.0,3.36,336.0
DC001,SKU023,2019-02-24,4,0.0,0,25923.0,0.0,25923.0,0.0,0,0.0,36.0,F001,224.0,3.36,336.0
DC001,SKU023,2019-02-25,5,5244.0,1,25923.0,0.0,20679.0,0.0,10,360.0,36.0,F001,224.0,3.36,336.0
DC001,SKU023,2019-02-26,2,7308.0,0,20679.0,0.0,13371.0,0.0,0,0.0,36.0,F001,224.0,3.36,336.0
DC001,SKU023,2019-02-27,2,6730.0,0,13371.0,0.0,6641.0,0.0,0,0.0,36.0,F001,224.0,3.36,336.0
DC001,SKU023,2019-02-28,2,5306.0,0,6641.0,0.0,1335.0,0.0,0,0.0,36.0,F001,224.0,3.36,336.0
DC001,SKU023,2019-03-01,2,1332.0,1,1335.0,0.0,3.0,0.0,624,22464.0,36.0,F001,224.0,3.36,336.0
DC001,SKU023,2019-03-02,3,360.0,0,3.0,360.0,3.0,0.0,0,0.0,36.0,F001,224.0,3.36,336.0
DC001,SKU023,2019-03-03,1,0.0,0,3.0,22464.0,22467.0,0.0,0,0.0,36.0,F001,224.0,3.36,336.0
DC001,SKU023,2019-03-04,3,9540.0,1,22467.0,0.0,12927.0,0.0,349,12564.0,36.0,F001,224.0,3.36,336.0
DC001,SKU023,2019-03-05,1,6696.0,0,12927.0,0.0,6231.0,0.0,0,0.0,36.0,F001,224.0,3.36,336.0
DC001,SKU023,2019-03-06,2,6233.0,0,6231.0,0.0,0.0,2.0,0,0.0,36.0,F001,224.0,3.36,336.0
DC001,SKU023,2019-03-07,1,5146.0,0,0.0,12564.0,7418.0,0.0,0,0.0,36.0,F001,224.0,3.36,336.0
DC001,SKU023,2019-03-08,1,7416.0,1,7418.0,0.0,2.0,0.0,361,12996.0,36.0,F001,224.0,3.36,336.0
DC001,SKU023,2019-03-09,1,8.0,0,2.0,12996.0,12990.0,0.0,0,0.0,36.0,F001,224.0,3.36,336.0
DC001,SKU023,2019-03-10,2,0.0,0,12990.0,0.0,12990.0,0.0,0,0.0,36.0,F001,224.0,3.36,336.0
DC001,SKU023,2019-03-11,2,6660.0,1,12990.0,0.0,6330.0,0.0,830,29880.0,36.0,F001,224.0,3.36,336.0
DC001,SKU023,2019-03-12,2,6336.0,0,6330.0,0.0,0.0,6.0,0,0.0,36.0,F001,224.0,3.36,336.0
DC001,SKU023,2019-03-13,5,13932.0,0,0.0,29880.0,15948.0,0.0,0,0.0,36.0,F001,224.0,3.36,336.0
DC001,SKU023,2019-03-14,3,6336.0,0,15948.0,0.0,9612.0,0.0,0,0.0,36.0,F001,224.0,3.36,336.0
DC001,SKU023,2019-03-15,1,9612.0,1,9612.0,0.0,0.0,-0.0,526,18936.0,36.0,F001,224.0,3.36,336.0
DC001,SKU023,2019-03-16,3,36.0,0,0.0,18936.0,18900.0,0.0,0,0.0,36.0,F001,224.0,3.36,336.0
DC001,SKU023,2019-03-17,1,0.0,0,18900.0,0.0,18900.0,0.0,0,0.0,36.0,F001,224.0,3.36,336.0
DC001,SKU023,2019-03-18,3,5508.0,1,18900.0,0.0,13392.0,0.0,312,11232.0,36.0,F001,224.0,3.36,336.0
DC001,SKU023,2019-03-19,2,7518.0,0,13392.0,0.0,5874.0,0.0,0,0.0,36.0,F001,224.0,3.36,336.0
DC001,SKU023,2019-03-20,3,5904.0,0,5874.0,0.0,0.0,30.0,0,0.0,36.0,F001,224.0,3.36,336.0
DC001,SKU023,2019-03-21,3,6264.0,0,0.0,11232.0,4968.0,0.0,0,0.0,36.0,F001,224.0,3.36,336.0
DC001,SKU023,2019-03-22,2,4950.0,1,4968.0,0.0,18.0,0.0,1090,39240.0,36.0,F001,224.0,3.36,336.0
DC001,SKU023,2019-03-23,2,0.0,0,18.0,0.0,18.0,0.0,0,0.0,36.0,F001,224.0,3.36,336.0
DC001,SKU023,2019-03-24,2,0.0,0,18.0,39240.0,39258.0,0.0,0,0.0,36.0,F001,224.0,3.36,336.0
DC001,SKU023,2019-03-25,4,4392.0,1,39258.0,0.0,34866.0,0.0,376,13536.0,36.0,F001,224.0,3.36,336.0
DC001,SKU023,2019-03-26,4,9396.0,0,34866.0,0.0,25470.0,0.0,0,0.0,36.0,F001,224.0,3.36,336.0
DC001,SKU023,2019-03-27,2,10114.0,0,25470.0,0.0,15356.0,0.0,0,0.0,36.0,F001,224.0,3.36,336.0
DC001,SKU023,2019-03-28,3,15336.0,0,15356.0,0.0,20.0,0.0,0,0.0,36.0,F001,224.0,3.36,336.0
DC001,SKU023,2019-03-29,4,9432.0,1,20.0,13536.0,4124.0,0.0,0,0.0,36.0,F001,224.0,3.36,336.0
DC001,SKU023,2019-03-30,2,4104.0,0,4124.0,0.0,20.0,0.0,0,0.0,36.0,F001,224.0,3.36,336.0
DC001,SKU024,2019-01-01,2,97.0,0,51.0,0.0,0.0,46.0,0,0.0,30.0,F001,224.0,3.36,336.0
DC001,SKU024,2019-01-02,4,52.0,0,0.0,0.0,0.0,52.0,0,0.0,30.0,F001,224.0,3.36,336.0
DC001,SKU024,2019-01-03,3,6.0,0,0.0,0.0,0.0,6.0,0,0.0,30.0,F001,224.0,3.36,336.0
DC001,SKU024,2019-01-04,3,28.0,1,0.0,0.0,0.0,28.0,1,30.0,30.0,F001,224.0,3.36,336.0
DC001,SKU024,2019-01-05,1,84.0,0,0.0,0.0,0.0,84.0,0,0.0,30.0,F001,224.0,3.36,336.0
DC001,SKU024,2019-01-06,1,0.0,0,0.0,0.0,0.0,-0.0,0,0.0,30.0,F001,224.0,3.36,336.0
DC001,SKU024,2019-01-07,1,28.0,1,0.0,30.0,2.0,0.0,8,240.0,30.0,F001,224.0,3.36,336.0
DC001,SKU024,2019-01-08,4,8.0,0,2.0,240.0,234.0,0.0,0,0.0,30.0,F001,224.0,3.36,336.0
DC001,SKU024,2019-01-09,3,79.0,0,234.0,0.0,155.0,0.0,0,0.0,30.0,F001,224.0,3.36,336.0
DC001,SKU024,2019-01-10,3,12.0,0,155.0,0.0,143.0,0.0,0,0.0,30.0,F001,224.0,3.36,336.0
DC001,SKU024,2019-01-11,5,0.0,1,143.0,0.0,143.0,0.0,4,120.0,30.0,F001,224.0,3.36,336.0
DC001,SKU024,2019-01-12,2,77.0,0,143.0,0.0,66.0,0.0,0,0.0,30.0,F001,224.0,3.36,336.0
DC001,SKU024,2019-01-13,3,0.0,0,66.0,0.0,66.0,0.0,0,0.0,30.0,F001,224.0,3.36,336.0
DC001,SKU024,2019-01-14,6,17.0,1,66.0,0.0,49.0,0.0,3,90.0,30.0,F001,224.0,3.36,336.0
DC001,SKU024,2019-01-15,5,59.0,0,49.0,0.0,0.0,10.0,0,0.0,30.0,F001,224.0,3.36,336.0
DC001,SKU024,2019-01-16,1,52.0,0,0.0,120.0,68.0,0.0,0,0.0,30.0,F001,224.0,3.36,336.0
DC001,SKU024,2019-01-17,2,32.0,0,68.0,0.0,36.0,0.0,0,0.0,30.0,F001,224.0,3.36,336.0
DC001,SKU024,2019-01-18,5,15.0,1,36.0,0.0,21.0,0.0,1,30.0,30.0,F001,224.0,3.36,336.0
DC001,SKU024,2019-01-19,1,0.0,0,21.0,0.0,21.0,0.0,0,0.0,30.0,F001,224.0,3.36,336.0
DC001,SKU024,2019-01-20,3,0.0,0,21.0,90.0,111.0,0.0,0,0.0,30.0,F001,224.0,3.36,336.0
DC001,SKU024,2019-01-21,3,27.0,1,111.0,0.0,84.0,0.0,6,180.0,30.0,F001,224.0,3.36,336.0
DC001,SKU024,2019-01-22,2,67.0,0,84.0,0.0,17.0,0.0,0,0.0,30.0,F001,224.0,3.36,336.0
DC001,SKU024,2019-01-23,1,20.0,0,17.0,30.0,27.0,0.0,0,0.0,30.0,F001,224.0,3.36,336.0
DC001,SKU024,2019-01-24,2,38.0,0,27.0,180.0,169.0,0.0,0,0.0,30.0,F001,224.0,3.36,336.0
DC001,SKU024,2019-01-25,2,67.0,1,169.0,0.0,102.0,0.0,4,120.0,30.0,F001,224.0,3.36,336.0
DC001,SKU024,2019-01-26,1,84.0,0,102.0,0.0,18.0,0.0,0,0.0,30.0,F001,224.0,3.36,336.0
DC001,SKU024,2019-01-27,3,0.0,0,18.0,120.0,138.0,0.0,0,0.0,30.0,F001,224.0,3.36,336.0
DC001,SKU024,2019-01-28,2,12.0,1,138.0,0.0,126.0,0.0,13,390.0,30.0,F001,224.0,3.36,336.0
DC001,SKU024,2019-01-29,4,102.0,0,126.0,0.0,24.0,0.0,0,0.0,30.0,F001,224.0,3.36,336.0
DC001,SKU024,2019-01-30,3,38.0,0,24.0,390.0,376.0,0.0,0,0.0,30.0,F001,224.0,3.36,336.0
DC001,SKU024,2019-01-31,2,145.0,0,376.0,0.0,231.0,0.0,0,0.0,30.0,F001,224.0,3.36,336.0
DC001,SKU024,2019-02-01,3,102.0,1,231.0,0.0,129.0,0.0,0,0.0,30.0,F001,224.0,3.36,336.0
DC001,SKU024,2019-02-02,3,129.0,0,129.0,0.0,0.0,-0.0,0,0.0,30.0,F001,224.0,3.36,336.0
DC001,SKU024,2019-02-03,3,0.0,0,0.0,0.0,0.0,-0.0,0,0.0,30.0,F001,224.0,3.36,336.0
DC001,SKU024,2019-02-04,2,0.0,1,0.0,0.0,0.0,-0.0,7,210.0,30.0,F001,224.0,3.36,336.0
DC001,SKU024,2019-02-05,4,0.0,0,0.0,0.0,0.0,-0.0,0,0.0,30.0,F001,224.0,3.36,336.0
DC001,SKU024,2019-02-06,2,0.0,0,0.0,210.0,210.0,0.0,0,0.0,30.0,F001,224.0,3.36,336.0
DC001,SKU024,2019-02-07,5,20.0,0,210.0,0.0,190.0,0.0,0,0.0,30.0,F001,224.0,3.36,336.0
DC001,SKU024,2019-02-08,2,192.0,1,190.0,0.0,0.0,2.0,2,60.0,30.0,F001,224.0,3.36,336.0
DC001,SKU024,2019-02-09,3,0.0,0,0.0,0.0,0.0,-0.0,0,0.0,30.0,F001,224.0,3.36,336.0
DC001,SKU024,2019-02-10,3,0.0,0,0.0,60.0,60.0,0.0,0,0.0,30.0,F001,224.0,3.36,336.0
DC001,SKU024,2019-02-11,2,8.0,1,60.0,0.0,52.0,0.0,5,150.0,30.0,F001,224.0,3.36,336.0
DC001,SKU024,2019-02-12,3,38.0,0,52.0,0.0,14.0,0.0,0,0.0,30.0,F001,224.0,3.36,336.0
DC001,SKU024,2019-02-13,3,0.0,0,14.0,150.0,164.0,0.0,0,0.0,30.0,F001,224.0,3.36,336.0
DC001,SKU024,2019-02-14,3,38.0,0,164.0,0.0,126.0,0.0,0,0.0,30.0,F001,224.0,3.36,336.0
DC001,SKU024,2019-02-15,1,106.0,1,126.0,0.0,20.0,0.0,2,60.0,30.0,F001,224.0,3.36,336.0
DC001,SKU024,2019-02-16,4,0.0,0,20.0,60.0,80.0,0.0,0,0.0,30.0,F001,224.0,3.36,336.0
DC001,SKU024,2019-02-17,4,0.0,0,80.0,0.0,80.0,0.0,0,0.0,30.0,F001,224.0,3.36,336.0
DC001,SKU024,2019-02-18,4,4.0,1,80.0,0.0,76.0,0.0,3,90.0,30.0,F001,224.0,3.36,336.0
DC001,SKU024,2019-02-19,2,0.0,0,76.0,0.0,76.0,0.0,0,0.0,30.0,F001,224.0,3.36,336.0
DC001,SKU024,2019-02-20,1,77.0,0,76.0,0.0,0.0,1.0,0,0.0,30.0,F001,224.0,3.36,336.0
DC001,SKU024,2019-02-21,3,0.0,0,0.0,0.0,0.0,-0.0,0,0.0,30.0,F001,224.0,3.36,336.0
DC001,SKU024,2019-02-22,3,38.0,1,0.0,90.0,52.0,0.0,1,30.0,30.0,F001,224.0,3.36,336.0
DC001,SKU024,2019-02-23,7,46.0,0,52.0,0.0,6.0,0.0,0,0.0,30.0,F001,224.0,3.36,336.0
DC001,SKU024,2019-02-24,3,0.0,0,6.0,0.0,6.0,0.0,0,0.0,30.0,F001,224.0,3.36,336.0
DC001,SKU024,2019-02-25,1,10.0,1,6.0,30.0,26.0,0.0,5,150.0,30.0,F001,224.0,3.36,336.0
DC001,SKU024,2019-02-26,2,102.0,0,26.0,150.0,74.0,0.0,0,0.0,30.0,F001,224.0,3.36,336.0
DC001,SKU024,2019-02-27,3,38.0,0,74.0,0.0,36.0,0.0,0,0.0,30.0,F001,224.0,3.36,336.0
DC001,SKU024,2019-02-28,1,8.0,0,36.0,0.0,28.0,0.0,0,0.0,30.0,F001,224.0,3.36,336.0
DC001,SKU024,2019-03-01,3,13.0,1,28.0,0.0,15.0,0.0,2,60.0,30.0,F001,224.0,3.36,336.0
DC001,SKU024,2019-03-02,4,13.0,0,15.0,0.0,2.0,0.0,0,0.0,30.0,F001,224.0,3.36,336.0
DC001,SKU024,2019-03-03,3,0.0,0,2.0,0.0,2.0,0.0,0,0.0,30.0,F001,224.0,3.36,336.0
DC001,SKU024,2019-03-04,1,38.0,1,2.0,60.0,24.0,0.0,7,210.0,30.0,F001,224.0,3.36,336.0
DC001,SKU024,2019-03-05,1,99.0,0,24.0,210.0,135.0,0.0,0,0.0,30.0,F001,224.0,3.36,336.0
DC001,SKU024,2019-03-06,2,22.0,0,135.0,0.0,113.0,0.0,0,0.0,30.0,F001,224.0,3.36,336.0
DC001,SKU024,2019-03-07,6,47.0,0,113.0,0.0,66.0,0.0,0,0.0,30.0,F001,224.0,3.36,336.0
DC001,SKU024,2019-03-08,3,46.0,1,66.0,0.0,20.0,0.0,1,30.0,30.0,F001,224.0,3.36,336.0
DC001,SKU024,2019-03-09,3,0.0,0,20.0,0.0,20.0,0.0,0,0.0,30.0,F001,224.0,3.36,336.0
DC001,SKU024,2019-03-10,4,0.0,0,20.0,0.0,20.0,0.0,0,0.0,30.0,F001,224.0,3.36,336.0
DC001,SKU024,2019-03-11,3,0.0,1,20.0,30.0,50.0,0.0,4,120.0,30.0,F001,224.0,3.36,336.0
DC001,SKU024,2019-03-12,2,38.0,0,50.0,0.0,12.0,0.0,0,0.0,30.0,F001,224.0,3.36,336.0
DC001,SKU024,2019-03-13,6,3.0,0,12.0,0.0,9.0,0.0,0,0.0,30.0,F001,224.0,3.36,336.0
DC001,SKU024,2019-03-14,6,46.0,0,9.0,120.0,83.0,0.0,0,0.0,30.0,F001,224.0,3.36,336.0
DC001,SKU024,2019-03-15,1,79.0,1,83.0,0.0,4.0,0.0,6,180.0,30.0,F001,224.0,3.36,336.0
DC001,SKU024,2019-03-16,3,15.0,0,4.0,180.0,169.0,0.0,0,0.0,30.0,F001,224.0,3.36,336.0
DC001,SKU024,2019-03-17,4,0.0,0,169.0,0.0,169.0,0.0,0,0.0,30.0,F001,224.0,3.36,336.0
DC001,SKU024,2019-03-18,3,72.0,1,169.0,0.0,97.0,0.0,3,90.0,30.0,F001,224.0,3.36,336.0
DC001,SKU024,2019-03-19,3,97.0,0,97.0,0.0,0.0,-0.0,0,0.0,30.0,F001,224.0,3.36,336.0
DC001,SKU024,2019-03-20,5,0.0,0,0.0,0.0,0.0,-0.0,0,0.0,30.0,F001,224.0,3.36,336.0
DC001,SKU024,2019-03-21,2,38.0,0,0.0,90.0,52.0,0.0,0,0.0,30.0,F001,224.0,3.36,336.0
DC001,SKU024,2019-03-22,2,8.0,1,52.0,0.0,44.0,0.0,6,180.0,30.0,F001,224.0,3.36,336.0
DC001,SKU024,2019-03-23,4,38.0,0,44.0,0.0,6.0,0.0,0,0.0,30.0,F001,224.0,3.36,336.0
DC001,SKU024,2019-03-24,3,0.0,0,6.0,180.0,186.0,0.0,0,0.0,30.0,F001,224.0,3.36,336.0
DC001,SKU024,2019-03-25,3,0.0,1,186.0,0.0,186.0,0.0,4,120.0,30.0,F001,224.0,3.36,336.0
DC001,SKU024,2019-03-26,3,54.0,0,186.0,0.0,132.0,0.0,0,0.0,30.0,F001,224.0,3.36,336.0
DC001,SKU024,2019-03-27,5,120.0,0,132.0,0.0,12.0,0.0,0,0.0,30.0,F001,224.0,3.36,336.0
DC001,SKU024,2019-03-28,1,0.0,0,12.0,120.0,132.0,0.0,0,0.0,30.0,F001,224.0,3.36,336.0
DC001,SKU024,2019-03-29,1,108.0,1,132.0,0.0,24.0,0.0,3,90.0,30.0,F001,224.0,3.36,336.0
DC001,SKU024,2019-03-30,1,115.0,0,24.0,90.0,0.0,1.0,0,0.0,30.0,F001,224.0,3.36,336.0
